
> react-kavia@0.1.0 start
> react-scripts start

(node:293) [DEP_WEBPACK_DEV_SERVER_ON_AFTER_SETUP_MIDDLEWARE] DeprecationWarning: 'onAfterSetupMiddleware' option is deprecated. Please use the 'setupMiddlewares' option.
(Use `node --trace-deprecation ...` to show where the warning was created)
(node:293) [DEP_WEBPACK_DEV_SERVER_ON_BEFORE_SETUP_MIDDLEWARE] DeprecationWarning: 'onBeforeSetupMiddleware' option is deprecated. Please use the 'setupMiddlewares' option.
Starting the development server...

Compiled successfully!

You can now view react-kavia in the browser.

  Local:            http://localhost:3000
  On Your Network:  http://172.17.0.4:3000

Note that the development build is not optimized.
To create a production build, use npm run build.

webpack compiled successfully
Watchpack Error (initial scan): Error: ENOTSUP: operation not supported on socket, lstat '/tmp/.s.PGSQL.5432'
Watchpack Error (initial scan): Error: ENOTSUP: operation not supported on socket, lstat '/tmp/vscode-git-5c7ec65e33.sock'
Watchpack Error (initial scan): Error: ENOTSUP: operation not supported on socket, lstat '/tmp/vscode-git-9b05060ae2.sock'
Compiling...
Compiled successfully!
webpack compiled successfully
Compiling...
Compiled with warnings.

Failed to parse source map from '/tmp/kavia/workspace/code-generation/3d-virtual-rubiks-challenge-1296-379bdfd8/3d_virtual_rubiks_challenge/node_modules/@mediapipe/tasks-vision/vision_bundle_mjs.js.map' file: Error: ENOENT: no such file or directory, open '/tmp/kavia/workspace/code-generation/3d-virtual-rubiks-challenge-1296-379bdfd8/3d_virtual_rubiks_challenge/node_modules/@mediapipe/tasks-vision/vision_bundle_mjs.js.map'

Search for the keywords to learn more about each warning.
To ignore, add // eslint-disable-next-line to the line before.

WARNING in ./node_modules/@mediapipe/tasks-vision/vision_bundle.mjs
Module Warning (from ./node_modules/source-map-loader/dist/cjs.js):
Failed to parse source map from '/tmp/kavia/workspace/code-generation/3d-virtual-rubiks-challenge-1296-379bdfd8/3d_virtual_rubiks_challenge/node_modules/@mediapipe/tasks-vision/vision_bundle_mjs.js.map' file: Error: ENOENT: no such file or directory, open '/tmp/kavia/workspace/code-generation/3d-virtual-rubiks-challenge-1296-379bdfd8/3d_virtual_rubiks_challenge/node_modules/@mediapipe/tasks-vision/vision_bundle_mjs.js.map'

webpack compiled with 1 warning
Failed to compile.

Error: ENOENT: no such file or directory, open '/tmp/kavia/workspace/code-generation/3d-virtual-rubiks-challenge-1296-379bdfd8/3d_virtual_rubiks_challenge/node_modules/@react-three/drei/index.js'
LOG from webpack.FileSystemInfo
<w> Managed item /tmp/kavia/workspace/code-generation/3d-virtual-rubiks-challenge-1296-379bdfd8/3d_virtual_rubiks_challenge/node_modules/@react-three/fiber isn't a directory or doesn't contain a package.json (see snapshot.managedPaths option)
<w> Managed item /tmp/kavia/workspace/code-generation/3d-virtual-rubiks-challenge-1296-379bdfd8/3d_virtual_rubiks_challenge/node_modules/@react-three/drei isn't a directory or doesn't contain a package.json (see snapshot.managedPaths option)
+ 22 hidden lines

ERROR in ./node_modules/@react-three/drei/index.js
Module build failed (from ./node_modules/source-map-loader/dist/cjs.js):
Error: ENOENT: no such file or directory, open '/tmp/kavia/workspace/code-generation/3d-virtual-rubiks-challenge-1296-379bdfd8/3d_virtual_rubiks_challenge/node_modules/@react-three/drei/index.js'

ERROR in ./node_modules/@react-three/fiber/dist/events-dc44c1b8.esm.js 1:0-31
Module not found: Error: Can't resolve 'three' in '/tmp/kavia/workspace/code-generation/3d-virtual-rubiks-challenge-1296-379bdfd8/3d_virtual_rubiks_challenge/node_modules/@react-three/fiber/dist'

ERROR in ./node_modules/@react-three/fiber/dist/events-dc44c1b8.esm.js 3:0-130
Module not found: Error: Can't resolve 'react-reconciler/constants' in '/tmp/kavia/workspace/code-generation/3d-virtual-rubiks-challenge-1296-379bdfd8/3d_virtual_rubiks_challenge/node_modules/@react-three/fiber/dist'

ERROR in ./node_modules/@react-three/fiber/dist/events-dc44c1b8.esm.js 4:0-59
Module not found: Error: Can't resolve 'zustand/traditional' in '/tmp/kavia/workspace/code-generation/3d-virtual-rubiks-challenge-1296-379bdfd8/3d_virtual_rubiks_challenge/node_modules/@react-three/fiber/dist'

ERROR in ./node_modules/@react-three/fiber/dist/events-dc44c1b8.esm.js 5:0-42
Module not found: Error: Can't resolve 'react-reconciler' in '/tmp/kavia/workspace/code-generation/3d-virtual-rubiks-challenge-1296-379bdfd8/3d_virtual_rubiks_challenge/node_modules/@react-three/fiber/dist'

ERROR in ./node_modules/@react-three/fiber/dist/events-dc44c1b8.esm.js 7:0-56
Module not found: Error: Can't resolve 'suspend-react' in '/tmp/kavia/workspace/code-generation/3d-virtual-rubiks-challenge-1296-379bdfd8/3d_virtual_rubiks_challenge/node_modules/@react-three/fiber/dist'

ERROR in ./node_modules/@react-three/fiber/dist/events-dc44c1b8.esm.js 9:0-69
Module not found: Error: Can't resolve 'its-fine' in '/tmp/kavia/workspace/code-generation/3d-virtual-rubiks-challenge-1296-379bdfd8/3d_virtual_rubiks_challenge/node_modules/@react-three/fiber/dist'

ERROR in ./node_modules/@react-three/fiber/dist/react-three-fiber.esm.js 4:0-31
Module not found: Error: Can't resolve 'three' in '/tmp/kavia/workspace/code-generation/3d-virtual-rubiks-challenge-1296-379bdfd8/3d_virtual_rubiks_challenge/node_modules/@react-three/fiber/dist'

ERROR in ./node_modules/@react-three/fiber/dist/react-three-fiber.esm.js 5:0-43
Module not found: Error: Can't resolve 'react-use-measure' in '/tmp/kavia/workspace/code-generation/3d-virtual-rubiks-challenge-1296-379bdfd8/3d_virtual_rubiks_challenge/node_modules/@react-three/fiber/dist'

ERROR in ./node_modules/@react-three/fiber/dist/react-three-fiber.esm.js 6:0-41
Module not found: Error: Can't resolve 'its-fine' in '/tmp/kavia/workspace/code-generation/3d-virtual-rubiks-challenge-1296-379bdfd8/3d_virtual_rubiks_challenge/node_modules/@react-three/fiber/dist'

ERROR in ./node_modules/@react-three/fiber/dist/react-three-fiber.esm.js 8:0-36
Module not found: Error: Can't resolve 'react-reconciler/constants' in '/tmp/kavia/workspace/code-generation/3d-virtual-rubiks-challenge-1296-379bdfd8/3d_virtual_rubiks_challenge/node_modules/@react-three/fiber/dist'

ERROR in ./node_modules/@react-three/fiber/dist/react-three-fiber.esm.js 9:0-29
Module not found: Error: Can't resolve 'zustand/traditional' in '/tmp/kavia/workspace/code-generation/3d-virtual-rubiks-challenge-1296-379bdfd8/3d_virtual_rubiks_challenge/node_modules/@react-three/fiber/dist'

ERROR in ./node_modules/@react-three/fiber/dist/react-three-fiber.esm.js 10:0-26
Module not found: Error: Can't resolve 'react-reconciler' in '/tmp/kavia/workspace/code-generation/3d-virtual-rubiks-challenge-1296-379bdfd8/3d_virtual_rubiks_challenge/node_modules/@react-three/fiber/dist'

ERROR in ./node_modules/@react-three/fiber/dist/react-three-fiber.esm.js 12:0-23
Module not found: Error: Can't resolve 'suspend-react' in '/tmp/kavia/workspace/code-generation/3d-virtual-rubiks-challenge-1296-379bdfd8/3d_virtual_rubiks_challenge/node_modules/@react-three/fiber/dist'

webpack compiled with 14 errors
Failed to compile.

Error: ENOENT: no such file or directory, open '/tmp/kavia/workspace/code-generation/3d-virtual-rubiks-challenge-1296-379bdfd8/3d_virtual_rubiks_challenge/node_modules/@react-three/drei/index.js'
ERROR in ./node_modules/@react-three/drei/index.js
Module build failed (from ./node_modules/source-map-loader/dist/cjs.js):
Error: ENOENT: no such file or directory, open '/tmp/kavia/workspace/code-generation/3d-virtual-rubiks-challenge-1296-379bdfd8/3d_virtual_rubiks_challenge/node_modules/@react-three/drei/index.js'

ERROR in ./node_modules/@react-three/fiber/dist/react-three-fiber.esm.js
Module build failed (from ./node_modules/source-map-loader/dist/cjs.js):
Error: ENOENT: no such file or directory, open '/tmp/kavia/workspace/code-generation/3d-virtual-rubiks-challenge-1296-379bdfd8/3d_virtual_rubiks_challenge/node_modules/@react-three/fiber/dist/react-three-fiber.esm.js'

webpack compiled with 2 errors
Compiling...
Failed to compile.

Error: ENOENT: no such file or directory, open '/tmp/kavia/workspace/code-generation/3d-virtual-rubiks-challenge-1296-379bdfd8/3d_virtual_rubiks_challenge/node_modules/@react-three/drei/index.js'
ERROR in ./node_modules/@react-three/drei/index.js
Module build failed (from ./node_modules/source-map-loader/dist/cjs.js):
Error: ENOENT: no such file or directory, open '/tmp/kavia/workspace/code-generation/3d-virtual-rubiks-challenge-1296-379bdfd8/3d_virtual_rubiks_challenge/node_modules/@react-three/drei/index.js'

ERROR in ./node_modules/@react-three/fiber/dist/react-three-fiber.esm.js
Module build failed (from ./node_modules/source-map-loader/dist/cjs.js):
Error: ENOENT: no such file or directory, open '/tmp/kavia/workspace/code-generation/3d-virtual-rubiks-challenge-1296-379bdfd8/3d_virtual_rubiks_challenge/node_modules/@react-three/fiber/dist/react-three-fiber.esm.js'

webpack compiled with 2 errors
Compiling...
Failed to compile.

Error: ENOENT: no such file or directory, open '/tmp/kavia/workspace/code-generation/3d-virtual-rubiks-challenge-1296-379bdfd8/3d_virtual_rubiks_challenge/node_modules/@react-three/drei/index.js'
LOG from webpack.FileSystemInfo
<w> Managed item /tmp/kavia/workspace/code-generation/3d-virtual-rubiks-challenge-1296-379bdfd8/3d_virtual_rubiks_challenge/node_modules/@react-three/fiber isn't a directory or doesn't contain a package.json (see snapshot.managedPaths option)
+ 16 hidden lines

ERROR in ./node_modules/@react-three/drei/index.js
Module build failed (from ./node_modules/source-map-loader/dist/cjs.js):
Error: ENOENT: no such file or directory, open '/tmp/kavia/workspace/code-generation/3d-virtual-rubiks-challenge-1296-379bdfd8/3d_virtual_rubiks_challenge/node_modules/@react-three/drei/index.js'

ERROR in ./node_modules/@react-three/fiber/dist/index-27578f8f.esm.js 1:0-31
Module not found: Error: Can't resolve 'three' in '/tmp/kavia/workspace/code-generation/3d-virtual-rubiks-challenge-1296-379bdfd8/3d_virtual_rubiks_challenge/node_modules/@react-three/fiber/dist'

ERROR in ./node_modules/@react-three/fiber/dist/index-27578f8f.esm.js 3:0-130
Module not found: Error: Can't resolve 'react-reconciler/constants' in '/tmp/kavia/workspace/code-generation/3d-virtual-rubiks-challenge-1296-379bdfd8/3d_virtual_rubiks_challenge/node_modules/@react-three/fiber/dist'

ERROR in ./node_modules/@react-three/fiber/dist/index-27578f8f.esm.js 5:0-42
Module not found: Error: Can't resolve 'react-reconciler' in '/tmp/kavia/workspace/code-generation/3d-virtual-rubiks-challenge-1296-379bdfd8/3d_virtual_rubiks_challenge/node_modules/@react-three/fiber/dist'

ERROR in ./node_modules/@react-three/fiber/dist/index-27578f8f.esm.js 7:0-56
Module not found: Error: Can't resolve 'suspend-react' in '/tmp/kavia/workspace/code-generation/3d-virtual-rubiks-challenge-1296-379bdfd8/3d_virtual_rubiks_challenge/node_modules/@react-three/fiber/dist'

ERROR in ./node_modules/@react-three/fiber/dist/react-three-fiber.esm.js 5:0-31
Module not found: Error: Can't resolve 'three' in '/tmp/kavia/workspace/code-generation/3d-virtual-rubiks-challenge-1296-379bdfd8/3d_virtual_rubiks_challenge/node_modules/@react-three/fiber/dist'

ERROR in ./node_modules/@react-three/fiber/dist/react-three-fiber.esm.js 6:0-43
Module not found: Error: Can't resolve 'react-use-measure' in '/tmp/kavia/workspace/code-generation/3d-virtual-rubiks-challenge-1296-379bdfd8/3d_virtual_rubiks_challenge/node_modules/@react-three/fiber/dist'

ERROR in ./node_modules/@react-three/fiber/dist/react-three-fiber.esm.js 7:0-59
Module not found: Error: Can't resolve 'its-fine' in '/tmp/kavia/workspace/code-generation/3d-virtual-rubiks-challenge-1296-379bdfd8/3d_virtual_rubiks_challenge/node_modules/@react-three/fiber/dist'

ERROR in ./node_modules/@react-three/fiber/dist/react-three-fiber.esm.js 8:0-36
Module not found: Error: Can't resolve 'react-reconciler/constants' in '/tmp/kavia/workspace/code-generation/3d-virtual-rubiks-challenge-1296-379bdfd8/3d_virtual_rubiks_challenge/node_modules/@react-three/fiber/dist'

ERROR in ./node_modules/@react-three/fiber/dist/react-three-fiber.esm.js 10:0-26
Module not found: Error: Can't resolve 'react-reconciler' in '/tmp/kavia/workspace/code-generation/3d-virtual-rubiks-challenge-1296-379bdfd8/3d_virtual_rubiks_challenge/node_modules/@react-three/fiber/dist'

ERROR in ./node_modules/@react-three/fiber/dist/react-three-fiber.esm.js 12:0-23
Module not found: Error: Can't resolve 'suspend-react' in '/tmp/kavia/workspace/code-generation/3d-virtual-rubiks-challenge-1296-379bdfd8/3d_virtual_rubiks_challenge/node_modules/@react-three/fiber/dist'

webpack compiled with 11 errors
Compiling...
Failed to compile.

Module not found: Error: Can't resolve 'three' in '/tmp/kavia/workspace/code-generation/3d-virtual-rubiks-challenge-1296-379bdfd8/3d_virtual_rubiks_challenge/node_modules/@react-three/drei/core'
LOG from webpack.FileSystemInfo
<w> Managed item /tmp/kavia/workspace/code-generation/3d-virtual-rubiks-challenge-1296-379bdfd8/3d_virtual_rubiks_challenge/node_modules/@react-three/fiber isn't a directory or doesn't contain a package.json (see snapshot.managedPaths option)
<w> Managed item /tmp/kavia/workspace/code-generation/3d-virtual-rubiks-challenge-1296-379bdfd8/3d_virtual_rubiks_challenge/node_modules/@react-three/drei isn't a directory or doesn't contain a package.json (see snapshot.managedPaths option)
+ 30 hidden lines

WARNING in ./node_modules/@mediapipe/tasks-vision/vision_bundle.mjs
Module Warning (from ./node_modules/source-map-loader/dist/cjs.js):
Failed to parse source map from '/tmp/kavia/workspace/code-generation/3d-virtual-rubiks-challenge-1296-379bdfd8/3d_virtual_rubiks_challenge/node_modules/@mediapipe/tasks-vision/vision_bundle_mjs.js.map' file: Error: ENOENT: no such file or directory, open '/tmp/kavia/workspace/code-generation/3d-virtual-rubiks-challenge-1296-379bdfd8/3d_virtual_rubiks_challenge/node_modules/@mediapipe/tasks-vision/vision_bundle_mjs.js.map'

ERROR in ./node_modules/@react-three/drei/core/AccumulativeShadows.js 2:0-31
Module not found: Error: Can't resolve 'three' in '/tmp/kavia/workspace/code-generation/3d-virtual-rubiks-challenge-1296-379bdfd8/3d_virtual_rubiks_challenge/node_modules/@react-three/drei/core'

ERROR in ./node_modules/@react-three/drei/core/AccumulativeShadows.js 4:0-64
Module not found: Error: Can't resolve '@react-three/fiber' in '/tmp/kavia/workspace/code-generation/3d-virtual-rubiks-challenge-1296-379bdfd8/3d_virtual_rubiks_challenge/node_modules/@react-three/drei/core'

ERROR in ./node_modules/@react-three/drei/core/AdaptiveDpr.js 2:0-46
Module not found: Error: Can't resolve '@react-three/fiber' in '/tmp/kavia/workspace/code-generation/3d-virtual-rubiks-challenge-1296-379bdfd8/3d_virtual_rubiks_challenge/node_modules/@react-three/drei/core'

ERROR in ./node_modules/@react-three/drei/core/AdaptiveEvents.js 2:0-46
Module not found: Error: Can't resolve '@react-three/fiber' in '/tmp/kavia/workspace/code-generation/3d-virtual-rubiks-challenge-1296-379bdfd8/3d_virtual_rubiks_challenge/node_modules/@react-three/drei/core'

ERROR in ./node_modules/@react-three/drei/core/ArcballControls.js 2:0-56
Module not found: Error: Can't resolve '@react-three/fiber' in '/tmp/kavia/workspace/code-generation/3d-virtual-rubiks-challenge-1296-379bdfd8/3d_virtual_rubiks_challenge/node_modules/@react-three/drei/core'

ERROR in ./node_modules/@react-three/drei/core/AsciiRenderer.js 2:0-56
Module not found: Error: Can't resolve '@react-three/fiber' in '/tmp/kavia/workspace/code-generation/3d-virtual-rubiks-challenge-1296-379bdfd8/3d_virtual_rubiks_challenge/node_modules/@react-three/drei/core'

ERROR in ./node_modules/@react-three/drei/core/BBAnchor.js 3:0-31
Module not found: Error: Can't resolve 'three' in '/tmp/kavia/workspace/code-generation/3d-virtual-rubiks-challenge-1296-379bdfd8/3d_virtual_rubiks_challenge/node_modules/@react-three/drei/core'

ERROR in ./node_modules/@react-three/drei/core/BBAnchor.js 4:0-46
Module not found: Error: Can't resolve '@react-three/fiber' in '/tmp/kavia/workspace/code-generation/3d-virtual-rubiks-challenge-1296-379bdfd8/3d_virtual_rubiks_challenge/node_modules/@react-three/drei/core'

ERROR in ./node_modules/@react-three/drei/core/BakeShadows.js 2:0-46
Module not found: Error: Can't resolve '@react-three/fiber' in '/tmp/kavia/workspace/code-generation/3d-virtual-rubiks-challenge-1296-379bdfd8/3d_virtual_rubiks_challenge/node_modules/@react-three/drei/core'

ERROR in ./node_modules/@react-three/drei/core/Billboard.js 3:0-35
Module not found: Error: Can't resolve 'three' in '/tmp/kavia/workspace/code-generation/3d-virtual-rubiks-challenge-1296-379bdfd8/3d_virtual_rubiks_challenge/node_modules/@react-three/drei/core'

ERROR in ./node_modules/@react-three/drei/core/Billboard.js 4:0-46
Module not found: Error: Can't resolve '@react-three/fiber' in '/tmp/kavia/workspace/code-generation/3d-virtual-rubiks-challenge-1296-379bdfd8/3d_virtual_rubiks_challenge/node_modules/@react-three/drei/core'

ERROR in ./node_modules/@react-three/drei/core/Bounds.js 2:0-31
Module not found: Error: Can't resolve 'three' in '/tmp/kavia/workspace/code-generation/3d-virtual-rubiks-challenge-1296-379bdfd8/3d_virtual_rubiks_challenge/node_modules/@react-three/drei/core'

ERROR in ./node_modules/@react-three/drei/core/Bounds.js 3:0-56
Module not found: Error: Can't resolve '@react-three/fiber' in '/tmp/kavia/workspace/code-generation/3d-virtual-rubiks-challenge-1296-379bdfd8/3d_virtual_rubiks_challenge/node_modules/@react-three/drei/core'

ERROR in ./node_modules/@react-three/drei/core/CameraControls.js 2:0-118
Module not found: Error: Can't resolve 'three' in '/tmp/kavia/workspace/code-generation/3d-virtual-rubiks-challenge-1296-379bdfd8/3d_virtual_rubiks_challenge/node_modules/@react-three/drei/core'

ERROR in ./node_modules/@react-three/drei/core/CameraControls.js 5:0-64
Module not found: Error: Can't resolve '@react-three/fiber' in '/tmp/kavia/workspace/code-generation/3d-virtual-rubiks-challenge-1296-379bdfd8/3d_virtual_rubiks_challenge/node_modules/@react-three/drei/core'

ERROR in ./node_modules/@react-three/drei/core/CameraShake.js 2:0-56
Module not found: Error: Can't resolve '@react-three/fiber' in '/tmp/kavia/workspace/code-generation/3d-virtual-rubiks-challenge-1296-379bdfd8/3d_virtual_rubiks_challenge/node_modules/@react-three/drei/core'

ERROR in ./node_modules/@react-three/drei/core/CatmullRomLine.js 3:0-57
Module not found: Error: Can't resolve 'three' in '/tmp/kavia/workspace/code-generation/3d-virtual-rubiks-challenge-1296-379bdfd8/3d_virtual_rubiks_challenge/node_modules/@react-three/drei/core'

ERROR in ./node_modules/@react-three/drei/core/Caustics.js 2:0-31
Module not found: Error: Can't resolve 'three' in '/tmp/kavia/workspace/code-generation/3d-virtual-rubiks-challenge-1296-379bdfd8/3d_virtual_rubiks_challenge/node_modules/@react-three/drei/core'

ERROR in ./node_modules/@react-three/drei/core/Caustics.js 4:0-64
Module not found: Error: Can't resolve '@react-three/fiber' in '/tmp/kavia/workspace/code-generation/3d-virtual-rubiks-challenge-1296-379bdfd8/3d_virtual_rubiks_challenge/node_modules/@react-three/drei/core'

ERROR in ./node_modules/@react-three/drei/core/Center.js 2:0-46
Module not found: Error: Can't resolve 'three' in '/tmp/kavia/workspace/code-generation/3d-virtual-rubiks-challenge-1296-379bdfd8/3d_virtual_rubiks_challenge/node_modules/@react-three/drei/core'

ERROR in ./node_modules/@react-three/drei/core/Clone.js 2:0-31
Module not found: Error: Can't resolve 'three' in '/tmp/kavia/workspace/code-generation/3d-virtual-rubiks-challenge-1296-379bdfd8/3d_virtual_rubiks_challenge/node_modules/@react-three/drei/core'

ERROR in ./node_modules/@react-three/drei/core/Cloud.js 3:0-109
Module not found: Error: Can't resolve 'three' in '/tmp/kavia/workspace/code-generation/3d-virtual-rubiks-challenge-1296-379bdfd8/3d_virtual_rubiks_challenge/node_modules/@react-three/drei/core'

ERROR in ./node_modules/@react-three/drei/core/Cloud.js 4:0-66
Module not found: Error: Can't resolve '@react-three/fiber' in '/tmp/kavia/workspace/code-generation/3d-virtual-rubiks-challenge-1296-379bdfd8/3d_virtual_rubiks_challenge/node_modules/@react-three/drei/core'

ERROR in ./node_modules/@react-three/drei/core/ComputedAttribute.js 3:0-40
Module not found: Error: Can't resolve 'three' in '/tmp/kavia/workspace/code-generation/3d-virtual-rubiks-challenge-1296-379bdfd8/3d_virtual_rubiks_challenge/node_modules/@react-three/drei/core'

ERROR in ./node_modules/@react-three/drei/core/ContactShadows.js 3:0-31
Module not found: Error: Can't resolve 'three' in '/tmp/kavia/workspace/code-generation/3d-virtual-rubiks-challenge-1296-379bdfd8/3d_virtual_rubiks_challenge/node_modules/@react-three/drei/core'

ERROR in ./node_modules/@react-three/drei/core/ContactShadows.js 4:0-56
Module not found: Error: Can't resolve '@react-three/fiber' in '/tmp/kavia/workspace/code-generation/3d-virtual-rubiks-challenge-1296-379bdfd8/3d_virtual_rubiks_challenge/node_modules/@react-three/drei/core'

ERROR in ./node_modules/@react-three/drei/core/CubeCamera.js 1:0-31
Module not found: Error: Can't resolve 'three' in '/tmp/kavia/workspace/code-generation/3d-virtual-rubiks-challenge-1296-379bdfd8/3d_virtual_rubiks_challenge/node_modules/@react-three/drei/core'

ERROR in ./node_modules/@react-three/drei/core/CubeCamera.js 5:0-56
Module not found: Error: Can't resolve '@react-three/fiber' in '/tmp/kavia/workspace/code-generation/3d-virtual-rubiks-challenge-1296-379bdfd8/3d_virtual_rubiks_challenge/node_modules/@react-three/drei/core'

ERROR in ./node_modules/@react-three/drei/core/CubicBezierLine.js 3:0-51
Module not found: Error: Can't resolve 'three' in '/tmp/kavia/workspace/code-generation/3d-virtual-rubiks-challenge-1296-379bdfd8/3d_virtual_rubiks_challenge/node_modules/@react-three/drei/core'

ERROR in ./node_modules/@react-three/drei/core/CurveModifier.js 2:0-31
Module not found: Error: Can't resolve 'three' in '/tmp/kavia/workspace/code-generation/3d-virtual-rubiks-challenge-1296-379bdfd8/3d_virtual_rubiks_challenge/node_modules/@react-three/drei/core'

ERROR in ./node_modules/@react-three/drei/core/CurveModifier.js 3:0-50
Module not found: Error: Can't resolve '@react-three/fiber' in '/tmp/kavia/workspace/code-generation/3d-virtual-rubiks-challenge-1296-379bdfd8/3d_virtual_rubiks_challenge/node_modules/@react-three/drei/core'

ERROR in ./node_modules/@react-three/drei/core/Decal.js 3:0-31
Module not found: Error: Can't resolve 'three' in '/tmp/kavia/workspace/code-generation/3d-virtual-rubiks-challenge-1296-379bdfd8/3d_virtual_rubiks_challenge/node_modules/@react-three/drei/core'

ERROR in ./node_modules/@react-three/drei/core/Decal.js 4:0-48
Module not found: Error: Can't resolve '@react-three/fiber' in '/tmp/kavia/workspace/code-generation/3d-virtual-rubiks-challenge-1296-379bdfd8/3d_virtual_rubiks_challenge/node_modules/@react-three/drei/core'

ERROR in ./node_modules/@react-three/drei/core/Detailed.js 3:0-46
Module not found: Error: Can't resolve '@react-three/fiber' in '/tmp/kavia/workspace/code-generation/3d-virtual-rubiks-challenge-1296-379bdfd8/3d_virtual_rubiks_challenge/node_modules/@react-three/drei/core'

ERROR in ./node_modules/@react-three/drei/core/DeviceOrientationControls.js 2:0-56
Module not found: Error: Can't resolve '@react-three/fiber' in '/tmp/kavia/workspace/code-generation/3d-virtual-rubiks-challenge-1296-379bdfd8/3d_virtual_rubiks_challenge/node_modules/@react-three/drei/core'

ERROR in ./node_modules/@react-three/drei/core/Edges.js 3:0-31
Module not found: Error: Can't resolve 'three' in '/tmp/kavia/workspace/code-generation/3d-virtual-rubiks-challenge-1296-379bdfd8/3d_virtual_rubiks_challenge/node_modules/@react-three/drei/core'

ERROR in ./node_modules/@react-three/drei/core/Effects.js 3:0-87
Module not found: Error: Can't resolve 'three' in '/tmp/kavia/workspace/code-generation/3d-virtual-rubiks-challenge-1296-379bdfd8/3d_virtual_rubiks_challenge/node_modules/@react-three/drei/core'

ERROR in ./node_modules/@react-three/drei/core/Effects.js 4:0-64
Module not found: Error: Can't resolve '@react-three/fiber' in '/tmp/kavia/workspace/code-generation/3d-virtual-rubiks-challenge-1296-379bdfd8/3d_virtual_rubiks_challenge/node_modules/@react-three/drei/core'

ERROR in ./node_modules/@react-three/drei/core/Environment.js 3:0-90
Module not found: Error: Can't resolve '@react-three/fiber' in '/tmp/kavia/workspace/code-generation/3d-virtual-rubiks-challenge-1296-379bdfd8/3d_virtual_rubiks_challenge/node_modules/@react-three/drei/core'

ERROR in ./node_modules/@react-three/drei/core/Environment.js 4:0-68
Module not found: Error: Can't resolve 'three' in '/tmp/kavia/workspace/code-generation/3d-virtual-rubiks-challenge-1296-379bdfd8/3d_virtual_rubiks_challenge/node_modules/@react-three/drei/core'

ERROR in ./node_modules/@react-three/drei/core/FaceControls.js 2:0-31
Module not found: Error: Can't resolve 'three' in '/tmp/kavia/workspace/code-generation/3d-virtual-rubiks-challenge-1296-379bdfd8/3d_virtual_rubiks_challenge/node_modules/@react-three/drei/core'

ERROR in ./node_modules/@react-three/drei/core/FaceControls.js 5:0-56
Module not found: Error: Can't resolve '@react-three/fiber' in '/tmp/kavia/workspace/code-generation/3d-virtual-rubiks-challenge-1296-379bdfd8/3d_virtual_rubiks_challenge/node_modules/@react-three/drei/core'

ERROR in ./node_modules/@react-three/drei/core/FaceControls.js 7:0-47
Module not found: Error: Can't resolve 'suspend-react' in '/tmp/kavia/workspace/code-generation/3d-virtual-rubiks-challenge-1296-379bdfd8/3d_virtual_rubiks_challenge/node_modules/@react-three/drei/core'

ERROR in ./node_modules/@react-three/drei/core/FaceControls.js 8:0-55
Module not found: Error: Can't resolve './useVideoTexture.js' in '/tmp/kavia/workspace/code-generation/3d-virtual-rubiks-challenge-1296-379bdfd8/3d_virtual_rubiks_challenge/node_modules/@react-three/drei/core'

ERROR in ./node_modules/@react-three/drei/core/FaceLandmarker.js 4:0-47
Module not found: Error: Can't resolve 'suspend-react' in '/tmp/kavia/workspace/code-generation/3d-virtual-rubiks-challenge-1296-379bdfd8/3d_virtual_rubiks_challenge/node_modules/@react-three/drei/core'

ERROR in ./node_modules/@react-three/drei/core/Facemesh.js 2:0-31
Module not found: Error: Can't resolve 'three' in '/tmp/kavia/workspace/code-generation/3d-virtual-rubiks-challenge-1296-379bdfd8/3d_virtual_rubiks_challenge/node_modules/@react-three/drei/core'

ERROR in ./node_modules/@react-three/drei/core/Facemesh.js 3:0-46
Module not found: Error: Can't resolve '@react-three/fiber' in '/tmp/kavia/workspace/code-generation/3d-virtual-rubiks-challenge-1296-379bdfd8/3d_virtual_rubiks_challenge/node_modules/@react-three/drei/core'

ERROR in ./node_modules/@react-three/drei/core/Fbo.js 2:0-31
Module not found: Error: Can't resolve 'three' in '/tmp/kavia/workspace/code-generation/3d-virtual-rubiks-challenge-1296-379bdfd8/3d_virtual_rubiks_challenge/node_modules/@react-three/drei/core'

ERROR in ./node_modules/@react-three/drei/core/Fbo.js 3:0-46
Module not found: Error: Can't resolve '@react-three/fiber' in '/tmp/kavia/workspace/code-generation/3d-virtual-rubiks-challenge-1296-379bdfd8/3d_virtual_rubiks_challenge/node_modules/@react-three/drei/core'

ERROR in ./node_modules/@react-three/drei/core/FirstPersonControls.js 3:0-56
Module not found: Error: Can't resolve '@react-three/fiber' in '/tmp/kavia/workspace/code-generation/3d-virtual-rubiks-challenge-1296-379bdfd8/3d_virtual_rubiks_challenge/node_modules/@react-three/drei/core'

ERROR in ./node_modules/@react-three/drei/core/Float.js 2:0-46
Module not found: Error: Can't resolve '@react-three/fiber' in '/tmp/kavia/workspace/code-generation/3d-virtual-rubiks-challenge-1296-379bdfd8/3d_virtual_rubiks_challenge/node_modules/@react-three/drei/core'

ERROR in ./node_modules/@react-three/drei/core/Float.js 3:0-31
Module not found: Error: Can't resolve 'three' in '/tmp/kavia/workspace/code-generation/3d-virtual-rubiks-challenge-1296-379bdfd8/3d_virtual_rubiks_challenge/node_modules/@react-three/drei/core'

ERROR in ./node_modules/@react-three/drei/core/FlyControls.js 2:0-56
Module not found: Error: Can't resolve '@react-three/fiber' in '/tmp/kavia/workspace/code-generation/3d-virtual-rubiks-challenge-1296-379bdfd8/3d_virtual_rubiks_challenge/node_modules/@react-three/drei/core'

ERROR in ./node_modules/@react-three/drei/core/GizmoHelper.js 2:0-56
Module not found: Error: Can't resolve '@react-three/fiber' in '/tmp/kavia/workspace/code-generation/3d-virtual-rubiks-challenge-1296-379bdfd8/3d_virtual_rubiks_challenge/node_modules/@react-three/drei/core'

ERROR in ./node_modules/@react-three/drei/core/GizmoHelper.js 3:0-63
Module not found: Error: Can't resolve 'three' in '/tmp/kavia/workspace/code-generation/3d-virtual-rubiks-challenge-1296-379bdfd8/3d_virtual_rubiks_challenge/node_modules/@react-three/drei/core'

ERROR in ./node_modules/@react-three/drei/core/GizmoViewcube.js 3:0-46
Module not found: Error: Can't resolve '@react-three/fiber' in '/tmp/kavia/workspace/code-generation/3d-virtual-rubiks-challenge-1296-379bdfd8/3d_virtual_rubiks_challenge/node_modules/@react-three/drei/core'

ERROR in ./node_modules/@react-three/drei/core/GizmoViewcube.js 5:0-47
Module not found: Error: Can't resolve 'three' in '/tmp/kavia/workspace/code-generation/3d-virtual-rubiks-challenge-1296-379bdfd8/3d_virtual_rubiks_challenge/node_modules/@react-three/drei/core'

ERROR in ./node_modules/@react-three/drei/core/GizmoViewport.js 3:0-46
Module not found: Error: Can't resolve '@react-three/fiber' in '/tmp/kavia/workspace/code-generation/3d-virtual-rubiks-challenge-1296-379bdfd8/3d_virtual_rubiks_challenge/node_modules/@react-three/drei/core'

ERROR in ./node_modules/@react-three/drei/core/GizmoViewport.js 4:0-38
Module not found: Error: Can't resolve 'three' in '/tmp/kavia/workspace/code-generation/3d-virtual-rubiks-challenge-1296-379bdfd8/3d_virtual_rubiks_challenge/node_modules/@react-three/drei/core'

ERROR in ./node_modules/@react-three/drei/core/Gltf.js 4:0-47
Module not found: Error: Can't resolve '@react-three/fiber' in '/tmp/kavia/workspace/code-generation/3d-virtual-rubiks-challenge-1296-379bdfd8/3d_virtual_rubiks_challenge/node_modules/@react-three/drei/core'

ERROR in ./node_modules/@react-three/drei/core/GradientTexture.js 3:0-46
Module not found: Error: Can't resolve '@react-three/fiber' in '/tmp/kavia/workspace/code-generation/3d-virtual-rubiks-challenge-1296-379bdfd8/3d_virtual_rubiks_challenge/node_modules/@react-three/drei/core'

ERROR in ./node_modules/@react-three/drei/core/GradientTexture.js 4:0-31
Module not found: Error: Can't resolve 'three' in '/tmp/kavia/workspace/code-generation/3d-virtual-rubiks-challenge-1296-379bdfd8/3d_virtual_rubiks_challenge/node_modules/@react-three/drei/core'

ERROR in ./node_modules/@react-three/drei/core/Grid.js 3:0-31
Module not found: Error: Can't resolve 'three' in '/tmp/kavia/workspace/code-generation/3d-virtual-rubiks-challenge-1296-379bdfd8/3d_virtual_rubiks_challenge/node_modules/@react-three/drei/core'

ERROR in ./node_modules/@react-three/drei/core/Grid.js 4:0-54
Module not found: Error: Can't resolve '@react-three/fiber' in '/tmp/kavia/workspace/code-generation/3d-virtual-rubiks-challenge-1296-379bdfd8/3d_virtual_rubiks_challenge/node_modules/@react-three/drei/core'

ERROR in ./node_modules/@react-three/drei/core/Helper.js 2:0-56
Module not found: Error: Can't resolve '@react-three/fiber' in '/tmp/kavia/workspace/code-generation/3d-virtual-rubiks-challenge-1296-379bdfd8/3d_virtual_rubiks_challenge/node_modules/@react-three/drei/core'

ERROR in ./node_modules/@react-three/drei/core/Hud.js 1:0-31
Module not found: Error: Can't resolve 'three' in '/tmp/kavia/workspace/code-generation/3d-virtual-rubiks-challenge-1296-379bdfd8/3d_virtual_rubiks_challenge/node_modules/@react-three/drei/core'

ERROR in ./node_modules/@react-three/drei/core/Hud.js 3:0-70
Module not found: Error: Can't resolve '@react-three/fiber' in '/tmp/kavia/workspace/code-generation/3d-virtual-rubiks-challenge-1296-379bdfd8/3d_virtual_rubiks_challenge/node_modules/@react-three/drei/core'

ERROR in ./node_modules/@react-three/drei/core/Image.js 3:0-31
Module not found: Error: Can't resolve 'three' in '/tmp/kavia/workspace/code-generation/3d-virtual-rubiks-challenge-1296-379bdfd8/3d_virtual_rubiks_challenge/node_modules/@react-three/drei/core'

ERROR in ./node_modules/@react-three/drei/core/Image.js 4:0-54
Module not found: Error: Can't resolve '@react-three/fiber' in '/tmp/kavia/workspace/code-generation/3d-virtual-rubiks-challenge-1296-379bdfd8/3d_virtual_rubiks_challenge/node_modules/@react-three/drei/core'

ERROR in ./node_modules/@react-three/drei/core/Instances.js 2:0-31
Module not found: Error: Can't resolve 'three' in '/tmp/kavia/workspace/code-generation/3d-virtual-rubiks-challenge-1296-379bdfd8/3d_virtual_rubiks_challenge/node_modules/@react-three/drei/core'

ERROR in ./node_modules/@react-three/drei/core/Instances.js 4:0-54
Module not found: Error: Can't resolve '@react-three/fiber' in '/tmp/kavia/workspace/code-generation/3d-virtual-rubiks-challenge-1296-379bdfd8/3d_virtual_rubiks_challenge/node_modules/@react-three/drei/core'

ERROR in ./node_modules/@react-three/drei/core/Lightformer.js 2:0-48
Module not found: Error: Can't resolve '@react-three/fiber' in '/tmp/kavia/workspace/code-generation/3d-virtual-rubiks-challenge-1296-379bdfd8/3d_virtual_rubiks_challenge/node_modules/@react-three/drei/core'

ERROR in ./node_modules/@react-three/drei/core/Lightformer.js 4:0-31
Module not found: Error: Can't resolve 'three' in '/tmp/kavia/workspace/code-generation/3d-virtual-rubiks-challenge-1296-379bdfd8/3d_virtual_rubiks_challenge/node_modules/@react-three/drei/core'

ERROR in ./node_modules/@react-three/drei/core/Line.js 3:0-57
Module not found: Error: Can't resolve 'three' in '/tmp/kavia/workspace/code-generation/3d-virtual-rubiks-challenge-1296-379bdfd8/3d_virtual_rubiks_challenge/node_modules/@react-three/drei/core'

ERROR in ./node_modules/@react-three/drei/core/Line.js 4:0-46
Module not found: Error: Can't resolve '@react-three/fiber' in '/tmp/kavia/workspace/code-generation/3d-virtual-rubiks-challenge-1296-379bdfd8/3d_virtual_rubiks_challenge/node_modules/@react-three/drei/core'

ERROR in ./node_modules/@react-three/drei/core/MapControls.js 2:0-56
Module not found: Error: Can't resolve '@react-three/fiber' in '/tmp/kavia/workspace/code-generation/3d-virtual-rubiks-challenge-1296-379bdfd8/3d_virtual_rubiks_challenge/node_modules/@react-three/drei/core'

ERROR in ./node_modules/@react-three/drei/core/MarchingCubes.js 2:0-31
Module not found: Error: Can't resolve 'three' in '/tmp/kavia/workspace/code-generation/3d-virtual-rubiks-challenge-1296-379bdfd8/3d_virtual_rubiks_challenge/node_modules/@react-three/drei/core'

ERROR in ./node_modules/@react-three/drei/core/MarchingCubes.js 5:0-46
Module not found: Error: Can't resolve '@react-three/fiber' in '/tmp/kavia/workspace/code-generation/3d-virtual-rubiks-challenge-1296-379bdfd8/3d_virtual_rubiks_challenge/node_modules/@react-three/drei/core'

ERROR in ./node_modules/@react-three/drei/core/Mask.js 2:0-31
Module not found: Error: Can't resolve 'three' in '/tmp/kavia/workspace/code-generation/3d-virtual-rubiks-challenge-1296-379bdfd8/3d_virtual_rubiks_challenge/node_modules/@react-three/drei/core'

ERROR in ./node_modules/@react-three/drei/core/MeshDiscardMaterial.js 3:0-44
Module not found: Error: Can't resolve '@react-three/fiber' in '/tmp/kavia/workspace/code-generation/3d-virtual-rubiks-challenge-1296-379bdfd8/3d_virtual_rubiks_challenge/node_modules/@react-three/drei/core'

ERROR in ./node_modules/@react-three/drei/core/MeshDistortMaterial.js 3:0-45
Module not found: Error: Can't resolve 'three' in '/tmp/kavia/workspace/code-generation/3d-virtual-rubiks-challenge-1296-379bdfd8/3d_virtual_rubiks_challenge/node_modules/@react-three/drei/core'

ERROR in ./node_modules/@react-three/drei/core/MeshDistortMaterial.js 4:0-46
Module not found: Error: Can't resolve '@react-three/fiber' in '/tmp/kavia/workspace/code-generation/3d-virtual-rubiks-challenge-1296-379bdfd8/3d_virtual_rubiks_challenge/node_modules/@react-three/drei/core'

ERROR in ./node_modules/@react-three/drei/core/MeshPortalMaterial.js 2:0-31
Module not found: Error: Can't resolve 'three' in '/tmp/kavia/workspace/code-generation/3d-virtual-rubiks-challenge-1296-379bdfd8/3d_virtual_rubiks_challenge/node_modules/@react-three/drei/core'

ERROR in ./node_modules/@react-three/drei/core/MeshPortalMaterial.js 4:0-64
Module not found: Error: Can't resolve '@react-three/fiber' in '/tmp/kavia/workspace/code-generation/3d-virtual-rubiks-challenge-1296-379bdfd8/3d_virtual_rubiks_challenge/node_modules/@react-three/drei/core'

ERROR in ./node_modules/@react-three/drei/core/MeshReflectorMaterial.js 3:0-170
Module not found: Error: Can't resolve 'three' in '/tmp/kavia/workspace/code-generation/3d-virtual-rubiks-challenge-1296-379bdfd8/3d_virtual_rubiks_challenge/node_modules/@react-three/drei/core'

ERROR in ./node_modules/@react-three/drei/core/MeshReflectorMaterial.js 4:0-64
Module not found: Error: Can't resolve '@react-three/fiber' in '/tmp/kavia/workspace/code-generation/3d-virtual-rubiks-challenge-1296-379bdfd8/3d_virtual_rubiks_challenge/node_modules/@react-three/drei/core'

ERROR in ./node_modules/@react-three/drei/core/MeshRefractionMaterial.js 4:0-64
Module not found: Error: Can't resolve '@react-three/fiber' in '/tmp/kavia/workspace/code-generation/3d-virtual-rubiks-challenge-1296-379bdfd8/3d_virtual_rubiks_challenge/node_modules/@react-three/drei/core'

ERROR in ./node_modules/@react-three/drei/core/MeshTransmissionMaterial.js 2:0-31
Module not found: Error: Can't resolve 'three' in '/tmp/kavia/workspace/code-generation/3d-virtual-rubiks-challenge-1296-379bdfd8/3d_virtual_rubiks_challenge/node_modules/@react-three/drei/core'

ERROR in ./node_modules/@react-three/drei/core/MeshTransmissionMaterial.js 4:0-54
Module not found: Error: Can't resolve '@react-three/fiber' in '/tmp/kavia/workspace/code-generation/3d-virtual-rubiks-challenge-1296-379bdfd8/3d_virtual_rubiks_challenge/node_modules/@react-three/drei/core'

ERROR in ./node_modules/@react-three/drei/core/MeshWobbleMaterial.js 3:0-45
Module not found: Error: Can't resolve 'three' in '/tmp/kavia/workspace/code-generation/3d-virtual-rubiks-challenge-1296-379bdfd8/3d_virtual_rubiks_challenge/node_modules/@react-three/drei/core'

ERROR in ./node_modules/@react-three/drei/core/MeshWobbleMaterial.js 4:0-46
Module not found: Error: Can't resolve '@react-three/fiber' in '/tmp/kavia/workspace/code-generation/3d-virtual-rubiks-challenge-1296-379bdfd8/3d_virtual_rubiks_challenge/node_modules/@react-three/drei/core'

ERROR in ./node_modules/@react-three/drei/core/OrbitControls.js 2:0-56
Module not found: Error: Can't resolve '@react-three/fiber' in '/tmp/kavia/workspace/code-generation/3d-virtual-rubiks-challenge-1296-379bdfd8/3d_virtual_rubiks_challenge/node_modules/@react-three/drei/core'

ERROR in ./node_modules/@react-three/drei/core/OrthographicCamera.js 3:0-56
Module not found: Error: Can't resolve '@react-three/fiber' in '/tmp/kavia/workspace/code-generation/3d-virtual-rubiks-challenge-1296-379bdfd8/3d_virtual_rubiks_challenge/node_modules/@react-three/drei/core'

ERROR in ./node_modules/@react-three/drei/core/PerformanceMonitor.js 3:0-46
Module not found: Error: Can't resolve '@react-three/fiber' in '/tmp/kavia/workspace/code-generation/3d-virtual-rubiks-challenge-1296-379bdfd8/3d_virtual_rubiks_challenge/node_modules/@react-three/drei/core'

ERROR in ./node_modules/@react-three/drei/core/PerspectiveCamera.js 3:0-56
Module not found: Error: Can't resolve '@react-three/fiber' in '/tmp/kavia/workspace/code-generation/3d-virtual-rubiks-challenge-1296-379bdfd8/3d_virtual_rubiks_challenge/node_modules/@react-three/drei/core'

ERROR in ./node_modules/@react-three/drei/core/PointMaterial.js 2:0-31
Module not found: Error: Can't resolve 'three' in '/tmp/kavia/workspace/code-generation/3d-virtual-rubiks-challenge-1296-379bdfd8/3d_virtual_rubiks_challenge/node_modules/@react-three/drei/core'

ERROR in ./node_modules/@react-three/drei/core/PointerLockControls.js 2:0-46
Module not found: Error: Can't resolve '@react-three/fiber' in '/tmp/kavia/workspace/code-generation/3d-virtual-rubiks-challenge-1296-379bdfd8/3d_virtual_rubiks_challenge/node_modules/@react-three/drei/core'

ERROR in ./node_modules/@react-three/drei/core/Points.js 2:0-31
Module not found: Error: Can't resolve 'three' in '/tmp/kavia/workspace/code-generation/3d-virtual-rubiks-challenge-1296-379bdfd8/3d_virtual_rubiks_challenge/node_modules/@react-three/drei/core'

ERROR in ./node_modules/@react-three/drei/core/Points.js 4:0-54
Module not found: Error: Can't resolve '@react-three/fiber' in '/tmp/kavia/workspace/code-generation/3d-virtual-rubiks-challenge-1296-379bdfd8/3d_virtual_rubiks_challenge/node_modules/@react-three/drei/core'

ERROR in ./node_modules/@react-three/drei/core/PositionalAudio.js 3:0-51
Module not found: Error: Can't resolve 'three' in '/tmp/kavia/workspace/code-generation/3d-virtual-rubiks-challenge-1296-379bdfd8/3d_virtual_rubiks_challenge/node_modules/@react-three/drei/core'

ERROR in ./node_modules/@react-three/drei/core/PositionalAudio.js 4:0-57
Module not found: Error: Can't resolve '@react-three/fiber' in '/tmp/kavia/workspace/code-generation/3d-virtual-rubiks-challenge-1296-379bdfd8/3d_virtual_rubiks_challenge/node_modules/@react-three/drei/core'

ERROR in ./node_modules/@react-three/drei/core/Preload.js 1:0-58
Module not found: Error: Can't resolve 'three' in '/tmp/kavia/workspace/code-generation/3d-virtual-rubiks-challenge-1296-379bdfd8/3d_virtual_rubiks_challenge/node_modules/@react-three/drei/core'

ERROR in ./node_modules/@react-three/drei/core/Preload.js 3:0-46
Module not found: Error: Can't resolve '@react-three/fiber' in '/tmp/kavia/workspace/code-generation/3d-virtual-rubiks-challenge-1296-379bdfd8/3d_virtual_rubiks_challenge/node_modules/@react-three/drei/core'

ERROR in ./node_modules/@react-three/drei/core/Progress.js 2:0-46
Module not found: Error: Can't resolve 'three' in '/tmp/kavia/workspace/code-generation/3d-virtual-rubiks-challenge-1296-379bdfd8/3d_virtual_rubiks_challenge/node_modules/@react-three/drei/core'

ERROR in ./node_modules/@react-three/drei/core/Progress.js 5:35-41
export 'create' (imported as 'create') was not found in 'zustand' (possible exports: __esModule, default)

ERROR in ./node_modules/@react-three/drei/core/QuadraticBezierLine.js 3:0-55
Module not found: Error: Can't resolve 'three' in '/tmp/kavia/workspace/code-generation/3d-virtual-rubiks-challenge-1296-379bdfd8/3d_virtual_rubiks_challenge/node_modules/@react-three/drei/core'

ERROR in ./node_modules/@react-three/drei/core/Reflector.js 3:0-170
Module not found: Error: Can't resolve 'three' in '/tmp/kavia/workspace/code-generation/3d-virtual-rubiks-challenge-1296-379bdfd8/3d_virtual_rubiks_challenge/node_modules/@react-three/drei/core'

ERROR in ./node_modules/@react-three/drei/core/Reflector.js 4:0-64
Module not found: Error: Can't resolve '@react-three/fiber' in '/tmp/kavia/workspace/code-generation/3d-virtual-rubiks-challenge-1296-379bdfd8/3d_virtual_rubiks_challenge/node_modules/@react-three/drei/core'

ERROR in ./node_modules/@react-three/drei/core/RenderTexture.js 2:0-31
Module not found: Error: Can't resolve 'three' in '/tmp/kavia/workspace/code-generation/3d-virtual-rubiks-challenge-1296-379bdfd8/3d_virtual_rubiks_challenge/node_modules/@react-three/drei/core'

ERROR in ./node_modules/@react-three/drei/core/RenderTexture.js 4:0-70
Module not found: Error: Can't resolve '@react-three/fiber' in '/tmp/kavia/workspace/code-generation/3d-virtual-rubiks-challenge-1296-379bdfd8/3d_virtual_rubiks_challenge/node_modules/@react-three/drei/core'

ERROR in ./node_modules/@react-three/drei/core/Resize.js 2:0-31
Module not found: Error: Can't resolve 'three' in '/tmp/kavia/workspace/code-generation/3d-virtual-rubiks-challenge-1296-379bdfd8/3d_virtual_rubiks_challenge/node_modules/@react-three/drei/core'

ERROR in ./node_modules/@react-three/drei/core/RoundedBox.js 3:0-30
Module not found: Error: Can't resolve 'three' in '/tmp/kavia/workspace/code-generation/3d-virtual-rubiks-challenge-1296-379bdfd8/3d_virtual_rubiks_challenge/node_modules/@react-three/drei/core'

ERROR in ./node_modules/@react-three/drei/core/Sampler.js 4:0-75
Module not found: Error: Can't resolve 'three' in '/tmp/kavia/workspace/code-generation/3d-virtual-rubiks-challenge-1296-379bdfd8/3d_virtual_rubiks_challenge/node_modules/@react-three/drei/core'

ERROR in ./node_modules/@react-three/drei/core/ScreenQuad.js 2:0-31
Module not found: Error: Can't resolve 'three' in '/tmp/kavia/workspace/code-generation/3d-virtual-rubiks-challenge-1296-379bdfd8/3d_virtual_rubiks_challenge/node_modules/@react-three/drei/core'

ERROR in ./node_modules/@react-three/drei/core/ScreenSpace.js 3:0-46
Module not found: Error: Can't resolve '@react-three/fiber' in '/tmp/kavia/workspace/code-generation/3d-virtual-rubiks-challenge-1296-379bdfd8/3d_virtual_rubiks_challenge/node_modules/@react-three/drei/core'

ERROR in ./node_modules/@react-three/drei/core/Segments.js 2:0-31
Module not found: Error: Can't resolve 'three' in '/tmp/kavia/workspace/code-generation/3d-virtual-rubiks-challenge-1296-379bdfd8/3d_virtual_rubiks_challenge/node_modules/@react-three/drei/core'

ERROR in ./node_modules/@react-three/drei/core/Segments.js 4:0-54
Module not found: Error: Can't resolve '@react-three/fiber' in '/tmp/kavia/workspace/code-generation/3d-virtual-rubiks-challenge-1296-379bdfd8/3d_virtual_rubiks_challenge/node_modules/@react-three/drei/core'

ERROR in ./node_modules/@react-three/drei/core/Shadow.js 3:0-42
Module not found: Error: Can't resolve 'three' in '/tmp/kavia/workspace/code-generation/3d-virtual-rubiks-challenge-1296-379bdfd8/3d_virtual_rubiks_challenge/node_modules/@react-three/drei/core'

ERROR in ./node_modules/@react-three/drei/core/Sky.js 4:0-32
Module not found: Error: Can't resolve 'three' in '/tmp/kavia/workspace/code-generation/3d-virtual-rubiks-challenge-1296-379bdfd8/3d_virtual_rubiks_challenge/node_modules/@react-three/drei/core'

ERROR in ./node_modules/@react-three/drei/core/Sparkles.js 3:0-31
Module not found: Error: Can't resolve 'three' in '/tmp/kavia/workspace/code-generation/3d-virtual-rubiks-challenge-1296-379bdfd8/3d_virtual_rubiks_challenge/node_modules/@react-three/drei/core'

ERROR in ./node_modules/@react-three/drei/core/Sparkles.js 4:0-64
Module not found: Error: Can't resolve '@react-three/fiber' in '/tmp/kavia/workspace/code-generation/3d-virtual-rubiks-challenge-1296-379bdfd8/3d_virtual_rubiks_challenge/node_modules/@react-three/drei/core'

ERROR in ./node_modules/@react-three/drei/core/SpotLight.js 3:0-134
Module not found: Error: Can't resolve 'three' in '/tmp/kavia/workspace/code-generation/3d-virtual-rubiks-challenge-1296-379bdfd8/3d_virtual_rubiks_challenge/node_modules/@react-three/drei/core'

ERROR in ./node_modules/@react-three/drei/core/SpotLight.js 4:0-56
Module not found: Error: Can't resolve '@react-three/fiber' in '/tmp/kavia/workspace/code-generation/3d-virtual-rubiks-challenge-1296-379bdfd8/3d_virtual_rubiks_challenge/node_modules/@react-three/drei/core'

ERROR in ./node_modules/@react-three/drei/core/SpriteAnimator.js 3:0-46
Module not found: Error: Can't resolve '@react-three/fiber' in '/tmp/kavia/workspace/code-generation/3d-virtual-rubiks-challenge-1296-379bdfd8/3d_virtual_rubiks_challenge/node_modules/@react-three/drei/core'

ERROR in ./node_modules/@react-three/drei/core/SpriteAnimator.js 4:0-31
Module not found: Error: Can't resolve 'three' in '/tmp/kavia/workspace/code-generation/3d-virtual-rubiks-challenge-1296-379bdfd8/3d_virtual_rubiks_challenge/node_modules/@react-three/drei/core'

ERROR in ./node_modules/@react-three/drei/core/Stars.js 2:0-46
Module not found: Error: Can't resolve '@react-three/fiber' in '/tmp/kavia/workspace/code-generation/3d-virtual-rubiks-challenge-1296-379bdfd8/3d_virtual_rubiks_challenge/node_modules/@react-three/drei/core'

ERROR in ./node_modules/@react-three/drei/core/Stars.js 3:0-84
Module not found: Error: Can't resolve 'three' in '/tmp/kavia/workspace/code-generation/3d-virtual-rubiks-challenge-1296-379bdfd8/3d_virtual_rubiks_challenge/node_modules/@react-three/drei/core'

ERROR in ./node_modules/@react-three/drei/core/Stats.js 2:0-63
Module not found: Error: Can't resolve '@react-three/fiber' in '/tmp/kavia/workspace/code-generation/3d-virtual-rubiks-challenge-1296-379bdfd8/3d_virtual_rubiks_challenge/node_modules/@react-three/drei/core'

ERROR in ./node_modules/@react-three/drei/core/StatsGl.js 1:0-62
Module not found: Error: Can't resolve '@react-three/fiber' in '/tmp/kavia/workspace/code-generation/3d-virtual-rubiks-challenge-1296-379bdfd8/3d_virtual_rubiks_challenge/node_modules/@react-three/drei/core'

ERROR in ./node_modules/@react-three/drei/core/Svg.js 2:0-47
Module not found: Error: Can't resolve '@react-three/fiber' in '/tmp/kavia/workspace/code-generation/3d-virtual-rubiks-challenge-1296-379bdfd8/3d_virtual_rubiks_challenge/node_modules/@react-three/drei/core'

ERROR in ./node_modules/@react-three/drei/core/Svg.js 5:0-35
Module not found: Error: Can't resolve 'three' in '/tmp/kavia/workspace/code-generation/3d-virtual-rubiks-challenge-1296-379bdfd8/3d_virtual_rubiks_challenge/node_modules/@react-three/drei/core'

ERROR in ./node_modules/@react-three/drei/core/Text.js 4:0-46
Module not found: Error: Can't resolve '@react-three/fiber' in '/tmp/kavia/workspace/code-generation/3d-virtual-rubiks-challenge-1296-379bdfd8/3d_virtual_rubiks_challenge/node_modules/@react-three/drei/core'

ERROR in ./node_modules/@react-three/drei/core/Text.js 5:0-40
Module not found: Error: Can't resolve 'suspend-react' in '/tmp/kavia/workspace/code-generation/3d-virtual-rubiks-challenge-1296-379bdfd8/3d_virtual_rubiks_challenge/node_modules/@react-three/drei/core'

ERROR in ./node_modules/@react-three/drei/core/Texture.js 3:0-60
Module not found: Error: Can't resolve 'three' in '/tmp/kavia/workspace/code-generation/3d-virtual-rubiks-challenge-1296-379bdfd8/3d_virtual_rubiks_challenge/node_modules/@react-three/drei/core'

ERROR in ./node_modules/@react-three/drei/core/Texture.js 4:0-57
Module not found: Error: Can't resolve '@react-three/fiber' in '/tmp/kavia/workspace/code-generation/3d-virtual-rubiks-challenge-1296-379bdfd8/3d_virtual_rubiks_challenge/node_modules/@react-three/drei/core'

ERROR in ./node_modules/@react-three/drei/core/Text3D.js 4:0-44
Module not found: Error: Can't resolve '@react-three/fiber' in '/tmp/kavia/workspace/code-generation/3d-virtual-rubiks-challenge-1296-379bdfd8/3d_virtual_rubiks_challenge/node_modules/@react-three/drei/core'

ERROR in ./node_modules/@react-three/drei/core/TrackballControls.js 2:0-56
Module not found: Error: Can't resolve '@react-three/fiber' in '/tmp/kavia/workspace/code-generation/3d-virtual-rubiks-challenge-1296-379bdfd8/3d_virtual_rubiks_challenge/node_modules/@react-three/drei/core'

ERROR in ./node_modules/@react-three/drei/core/Trail.js 1:0-70
Module not found: Error: Can't resolve '@react-three/fiber' in '/tmp/kavia/workspace/code-generation/3d-virtual-rubiks-challenge-1296-379bdfd8/3d_virtual_rubiks_challenge/node_modules/@react-three/drei/core'

ERROR in ./node_modules/@react-three/drei/core/Trail.js 3:0-51
Module not found: Error: Can't resolve 'three' in '/tmp/kavia/workspace/code-generation/3d-virtual-rubiks-challenge-1296-379bdfd8/3d_virtual_rubiks_challenge/node_modules/@react-three/drei/core'

ERROR in ./node_modules/@react-three/drei/core/TransformControls.js 2:0-46
Module not found: Error: Can't resolve '@react-three/fiber' in '/tmp/kavia/workspace/code-generation/3d-virtual-rubiks-challenge-1296-379bdfd8/3d_virtual_rubiks_challenge/node_modules/@react-three/drei/core'

ERROR in ./node_modules/@react-three/drei/core/TransformControls.js 4:0-31
Module not found: Error: Can't resolve 'three' in '/tmp/kavia/workspace/code-generation/3d-virtual-rubiks-challenge-1296-379bdfd8/3d_virtual_rubiks_challenge/node_modules/@react-three/drei/core'

ERROR in ./node_modules/@react-three/drei/core/Wireframe.js 3:0-31
Module not found: Error: Can't resolve 'three' in '/tmp/kavia/workspace/code-generation/3d-virtual-rubiks-challenge-1296-379bdfd8/3d_virtual_rubiks_challenge/node_modules/@react-three/drei/core'

ERROR in ./node_modules/@react-three/drei/core/Wireframe.js 4:0-44
Module not found: Error: Can't resolve '@react-three/fiber' in '/tmp/kavia/workspace/code-generation/3d-virtual-rubiks-challenge-1296-379bdfd8/3d_virtual_rubiks_challenge/node_modules/@react-three/drei/core'

ERROR in ./node_modules/@react-three/drei/core/calculateScaleFactor.js 1:0-31
Module not found: Error: Can't resolve 'three' in '/tmp/kavia/workspace/code-generation/3d-virtual-rubiks-challenge-1296-379bdfd8/3d_virtual_rubiks_challenge/node_modules/@react-three/drei/core'

ERROR in ./node_modules/@react-three/drei/core/meshBounds.js 1:0-54
Module not found: Error: Can't resolve 'three' in '/tmp/kavia/workspace/code-generation/3d-virtual-rubiks-challenge-1296-379bdfd8/3d_virtual_rubiks_challenge/node_modules/@react-three/drei/core'

ERROR in ./node_modules/@react-three/drei/core/shaderMaterial.js 1:0-31
Module not found: Error: Can't resolve 'three' in '/tmp/kavia/workspace/code-generation/3d-virtual-rubiks-challenge-1296-379bdfd8/3d_virtual_rubiks_challenge/node_modules/@react-three/drei/core'

ERROR in ./node_modules/@react-three/drei/core/shapes.js 3:0-31
Module not found: Error: Can't resolve 'three' in '/tmp/kavia/workspace/code-generation/3d-virtual-rubiks-challenge-1296-379bdfd8/3d_virtual_rubiks_challenge/node_modules/@react-three/drei/core'

ERROR in ./node_modules/@react-three/drei/core/softShadows.js 2:0-31
Module not found: Error: Can't resolve 'three' in '/tmp/kavia/workspace/code-generation/3d-virtual-rubiks-challenge-1296-379bdfd8/3d_virtual_rubiks_challenge/node_modules/@react-three/drei/core'

ERROR in ./node_modules/@react-three/drei/core/softShadows.js 3:0-46
Module not found: Error: Can't resolve '@react-three/fiber' in '/tmp/kavia/workspace/code-generation/3d-virtual-rubiks-challenge-1296-379bdfd8/3d_virtual_rubiks_challenge/node_modules/@react-three/drei/core'

ERROR in ./node_modules/@react-three/drei/core/useAnimations.js 2:0-49
Module not found: Error: Can't resolve 'three' in '/tmp/kavia/workspace/code-generation/3d-virtual-rubiks-challenge-1296-379bdfd8/3d_virtual_rubiks_challenge/node_modules/@react-three/drei/core'

ERROR in ./node_modules/@react-three/drei/core/useAnimations.js 3:0-46
Module not found: Error: Can't resolve '@react-three/fiber' in '/tmp/kavia/workspace/code-generation/3d-virtual-rubiks-challenge-1296-379bdfd8/3d_virtual_rubiks_challenge/node_modules/@react-three/drei/core'

ERROR in ./node_modules/@react-three/drei/core/useAspect.js 1:0-46
Module not found: Error: Can't resolve '@react-three/fiber' in '/tmp/kavia/workspace/code-generation/3d-virtual-rubiks-challenge-1296-379bdfd8/3d_virtual_rubiks_challenge/node_modules/@react-three/drei/core'

ERROR in ./node_modules/@react-three/drei/core/useBoxProjectedEnv.js 1:0-31
Module not found: Error: Can't resolve 'three' in '/tmp/kavia/workspace/code-generation/3d-virtual-rubiks-challenge-1296-379bdfd8/3d_virtual_rubiks_challenge/node_modules/@react-three/drei/core'

ERROR in ./node_modules/@react-three/drei/core/useBoxProjectedEnv.js 3:0-48
Module not found: Error: Can't resolve '@react-three/fiber' in '/tmp/kavia/workspace/code-generation/3d-virtual-rubiks-challenge-1296-379bdfd8/3d_virtual_rubiks_challenge/node_modules/@react-three/drei/core'

ERROR in ./node_modules/@react-three/drei/core/useCamera.js 2:0-42
Module not found: Error: Can't resolve 'three' in '/tmp/kavia/workspace/code-generation/3d-virtual-rubiks-challenge-1296-379bdfd8/3d_virtual_rubiks_challenge/node_modules/@react-three/drei/core'

ERROR in ./node_modules/@react-three/drei/core/useCamera.js 3:0-58
Module not found: Error: Can't resolve '@react-three/fiber' in '/tmp/kavia/workspace/code-generation/3d-virtual-rubiks-challenge-1296-379bdfd8/3d_virtual_rubiks_challenge/node_modules/@react-three/drei/core'

ERROR in ./node_modules/@react-three/drei/core/useDepthBuffer.js 1:0-69
Module not found: Error: Can't resolve 'three' in '/tmp/kavia/workspace/code-generation/3d-virtual-rubiks-challenge-1296-379bdfd8/3d_virtual_rubiks_challenge/node_modules/@react-three/drei/core'

ERROR in ./node_modules/@react-three/drei/core/useDepthBuffer.js 3:0-56
Module not found: Error: Can't resolve '@react-three/fiber' in '/tmp/kavia/workspace/code-generation/3d-virtual-rubiks-challenge-1296-379bdfd8/3d_virtual_rubiks_challenge/node_modules/@react-three/drei/core'

ERROR in ./node_modules/@react-three/drei/core/useEnvironment.js 1:0-57
Module not found: Error: Can't resolve '@react-three/fiber' in '/tmp/kavia/workspace/code-generation/3d-virtual-rubiks-challenge-1296-379bdfd8/3d_virtual_rubiks_challenge/node_modules/@react-three/drei/core'

ERROR in ./node_modules/@react-three/drei/core/useEnvironment.js 2:0-99
Module not found: Error: Can't resolve 'three' in '/tmp/kavia/workspace/code-generation/3d-virtual-rubiks-challenge-1296-379bdfd8/3d_virtual_rubiks_challenge/node_modules/@react-three/drei/core'

ERROR in ./node_modules/@react-three/drei/core/useEnvironment.js 4:0-67
Module not found: Error: Can't resolve '@monogrid/gainmap-js' in '/tmp/kavia/workspace/code-generation/3d-virtual-rubiks-challenge-1296-379bdfd8/3d_virtual_rubiks_challenge/node_modules/@react-three/drei/core'

ERROR in ./node_modules/@react-three/drei/core/useFont.js 2:0-56
Module not found: Error: Can't resolve 'suspend-react' in '/tmp/kavia/workspace/code-generation/3d-virtual-rubiks-challenge-1296-379bdfd8/3d_virtual_rubiks_challenge/node_modules/@react-three/drei/core'

ERROR in ./node_modules/@react-three/drei/core/useIntersect.js 2:0-63
Module not found: Error: Can't resolve '@react-three/fiber' in '/tmp/kavia/workspace/code-generation/3d-virtual-rubiks-challenge-1296-379bdfd8/3d_virtual_rubiks_challenge/node_modules/@react-three/drei/core'

ERROR in ./node_modules/@react-three/drei/core/useSpriteLoader.js 1:0-31
Module not found: Error: Can't resolve 'three' in '/tmp/kavia/workspace/code-generation/3d-virtual-rubiks-challenge-1296-379bdfd8/3d_virtual_rubiks_challenge/node_modules/@react-three/drei/core'

ERROR in ./node_modules/@react-three/drei/core/useSpriteLoader.js 3:0-57
Module not found: Error: Can't resolve '@react-three/fiber' in '/tmp/kavia/workspace/code-generation/3d-virtual-rubiks-challenge-1296-379bdfd8/3d_virtual_rubiks_challenge/node_modules/@react-three/drei/core'

ERROR in ./node_modules/@react-three/drei/helpers/constants.js 1:0-33
Module not found: Error: Can't resolve 'three' in '/tmp/kavia/workspace/code-generation/3d-virtual-rubiks-challenge-1296-379bdfd8/3d_virtual_rubiks_challenge/node_modules/@react-three/drei/helpers'

ERROR in ./node_modules/@react-three/drei/index.js 49:0-58
Module not found: Error: Can't resolve './core/useCubeTexture.js' in '/tmp/kavia/workspace/code-generation/3d-virtual-rubiks-challenge-1296-379bdfd8/3d_virtual_rubiks_challenge/node_modules/@react-three/drei'

ERROR in ./node_modules/@react-three/drei/index.js 50:0-42
Module not found: Error: Can't resolve './core/useFBX.js' in '/tmp/kavia/workspace/code-generation/3d-virtual-rubiks-challenge-1296-379bdfd8/3d_virtual_rubiks_challenge/node_modules/@react-three/drei'

ERROR in ./node_modules/@react-three/drei/index.js 51:0-44
Module not found: Error: Can't resolve './core/useGLTF.js' in '/tmp/kavia/workspace/code-generation/3d-virtual-rubiks-challenge-1296-379bdfd8/3d_virtual_rubiks_challenge/node_modules/@react-three/drei'

ERROR in ./node_modules/@react-three/drei/index.js 52:0-44
Module not found: Error: Can't resolve './core/useKTX2.js' in '/tmp/kavia/workspace/code-generation/3d-virtual-rubiks-challenge-1296-379bdfd8/3d_virtual_rubiks_challenge/node_modules/@react-three/drei'

ERROR in ./node_modules/@react-three/drei/index.js 53:0-52
Module not found: Error: Can't resolve './core/useProgress.js' in '/tmp/kavia/workspace/code-generation/3d-virtual-rubiks-challenge-1296-379bdfd8/3d_virtual_rubiks_challenge/node_modules/@react-three/drei'

ERROR in ./node_modules/@react-three/drei/index.js 54:0-60
Module not found: Error: Can't resolve './core/useTexture.js' in '/tmp/kavia/workspace/code-generation/3d-virtual-rubiks-challenge-1296-379bdfd8/3d_virtual_rubiks_challenge/node_modules/@react-three/drei'

ERROR in ./node_modules/@react-three/drei/index.js 55:0-60
Module not found: Error: Can't resolve './core/useVideoTexture.js' in '/tmp/kavia/workspace/code-generation/3d-virtual-rubiks-challenge-1296-379bdfd8/3d_virtual_rubiks_challenge/node_modules/@react-three/drei'

ERROR in ./node_modules/@react-three/drei/index.js 62:0-54
Module not found: Error: Can't resolve './core/useDetectGPU.js' in '/tmp/kavia/workspace/code-generation/3d-virtual-rubiks-challenge-1296-379bdfd8/3d_virtual_rubiks_challenge/node_modules/@react-three/drei'

ERROR in ./node_modules/@react-three/drei/index.js 63:0-48
Module not found: Error: Can't resolve './core/useHelper.js' in '/tmp/kavia/workspace/code-generation/3d-virtual-rubiks-challenge-1296-379bdfd8/3d_virtual_rubiks_challenge/node_modules/@react-three/drei'

ERROR in ./node_modules/@react-three/drei/index.js 64:0-47
Module not found: Error: Can't resolve './core/useBVH.js' in '/tmp/kavia/workspace/code-generation/3d-virtual-rubiks-challenge-1296-379bdfd8/3d_virtual_rubiks_challenge/node_modules/@react-three/drei'

ERROR in ./node_modules/@react-three/drei/index.js 67:0-42
Module not found: Error: Can't resolve './core/useFBO.js' in '/tmp/kavia/workspace/code-generation/3d-virtual-rubiks-challenge-1296-379bdfd8/3d_virtual_rubiks_challenge/node_modules/@react-three/drei'

ERROR in ./node_modules/@react-three/drei/index.js 71:0-60
Module not found: Error: Can't resolve './core/useTrailTexture.js' in '/tmp/kavia/workspace/code-generation/3d-virtual-rubiks-challenge-1296-379bdfd8/3d_virtual_rubiks_challenge/node_modules/@react-three/drei'

ERROR in ./node_modules/@react-three/drei/index.js 72:0-56
Module not found: Error: Can't resolve './core/useCubeCamera.js' in '/tmp/kavia/workspace/code-generation/3d-virtual-rubiks-challenge-1296-379bdfd8/3d_virtual_rubiks_challenge/node_modules/@react-three/drei'

ERROR in ./node_modules/@react-three/drei/index.js 110:0-62
Module not found: Error: Can't resolve './core/useMatcapTexture.js' in '/tmp/kavia/workspace/code-generation/3d-virtual-rubiks-challenge-1296-379bdfd8/3d_virtual_rubiks_challenge/node_modules/@react-three/drei'

ERROR in ./node_modules/@react-three/drei/index.js 111:0-62
Module not found: Error: Can't resolve './core/useNormalTexture.js' in '/tmp/kavia/workspace/code-generation/3d-virtual-rubiks-challenge-1296-379bdfd8/3d_virtual_rubiks_challenge/node_modules/@react-three/drei'

ERROR in ./node_modules/@react-three/drei/index.js 128:0-83
export 'calculateScaleFactor' (reexported as 'calculateScaleFactor') was not found in './web/pivotControls/index.js' (possible exports: PivotControls)

ERROR in ./node_modules/@react-three/drei/materials/BlurPass.js 1:0-134
Module not found: Error: Can't resolve 'three' in '/tmp/kavia/workspace/code-generation/3d-virtual-rubiks-challenge-1296-379bdfd8/3d_virtual_rubiks_challenge/node_modules/@react-three/drei/materials'

ERROR in ./node_modules/@react-three/drei/materials/ConvolutionMaterial.js 1:0-31
Module not found: Error: Can't resolve 'three' in '/tmp/kavia/workspace/code-generation/3d-virtual-rubiks-challenge-1296-379bdfd8/3d_virtual_rubiks_challenge/node_modules/@react-three/drei/materials'

ERROR in ./node_modules/@react-three/drei/materials/MeshReflectorMaterial.js 1:0-45
Module not found: Error: Can't resolve 'three' in '/tmp/kavia/workspace/code-generation/3d-virtual-rubiks-challenge-1296-379bdfd8/3d_virtual_rubiks_challenge/node_modules/@react-three/drei/materials'

ERROR in ./node_modules/@react-three/drei/materials/MeshRefractionMaterial.js 1:0-31
Module not found: Error: Can't resolve 'three' in '/tmp/kavia/workspace/code-generation/3d-virtual-rubiks-challenge-1296-379bdfd8/3d_virtual_rubiks_challenge/node_modules/@react-three/drei/materials'

ERROR in ./node_modules/@react-three/drei/materials/SpotLightMaterial.js 1:0-31
Module not found: Error: Can't resolve 'three' in '/tmp/kavia/workspace/code-generation/3d-virtual-rubiks-challenge-1296-379bdfd8/3d_virtual_rubiks_challenge/node_modules/@react-three/drei/materials'

ERROR in ./node_modules/@react-three/drei/materials/WireframeMaterial.js 1:0-31
Module not found: Error: Can't resolve 'three' in '/tmp/kavia/workspace/code-generation/3d-virtual-rubiks-challenge-1296-379bdfd8/3d_virtual_rubiks_challenge/node_modules/@react-three/drei/materials'

ERROR in ./node_modules/@react-three/drei/web/CycleRaycast.js 2:0-46
Module not found: Error: Can't resolve '@react-three/fiber' in '/tmp/kavia/workspace/code-generation/3d-virtual-rubiks-challenge-1296-379bdfd8/3d_virtual_rubiks_challenge/node_modules/@react-three/drei/web'

ERROR in ./node_modules/@react-three/drei/web/Html.js 4:0-92
Module not found: Error: Can't resolve 'three' in '/tmp/kavia/workspace/code-generation/3d-virtual-rubiks-challenge-1296-379bdfd8/3d_virtual_rubiks_challenge/node_modules/@react-three/drei/web'

ERROR in ./node_modules/@react-three/drei/web/Html.js 5:0-56
Module not found: Error: Can't resolve '@react-three/fiber' in '/tmp/kavia/workspace/code-generation/3d-virtual-rubiks-challenge-1296-379bdfd8/3d_virtual_rubiks_challenge/node_modules/@react-three/drei/web'

ERROR in ./node_modules/@react-three/drei/web/KeyboardControls.js 19:11-17
export 'create' (imported as 'create') was not found in 'zustand' (possible exports: __esModule, default)

ERROR in ./node_modules/@react-three/drei/web/PresentationControls.js 3:0-34
Module not found: Error: Can't resolve 'three' in '/tmp/kavia/workspace/code-generation/3d-virtual-rubiks-challenge-1296-379bdfd8/3d_virtual_rubiks_challenge/node_modules/@react-three/drei/web'

ERROR in ./node_modules/@react-three/drei/web/PresentationControls.js 4:0-56
Module not found: Error: Can't resolve '@react-three/fiber' in '/tmp/kavia/workspace/code-generation/3d-virtual-rubiks-challenge-1296-379bdfd8/3d_virtual_rubiks_challenge/node_modules/@react-three/drei/web'

ERROR in ./node_modules/@react-three/drei/web/ScrollControls.js 4:0-78
Module not found: Error: Can't resolve '@react-three/fiber' in '/tmp/kavia/workspace/code-generation/3d-virtual-rubiks-challenge-1296-379bdfd8/3d_virtual_rubiks_challenge/node_modules/@react-three/drei/web'

ERROR in ./node_modules/@react-three/drei/web/Select.js 3:0-31
Module not found: Error: Can't resolve 'three' in '/tmp/kavia/workspace/code-generation/3d-virtual-rubiks-challenge-1296-379bdfd8/3d_virtual_rubiks_challenge/node_modules/@react-three/drei/web'

ERROR in ./node_modules/@react-three/drei/web/Select.js 5:0-46
Module not found: Error: Can't resolve '@react-three/fiber' in '/tmp/kavia/workspace/code-generation/3d-virtual-rubiks-challenge-1296-379bdfd8/3d_virtual_rubiks_challenge/node_modules/@react-three/drei/web'

ERROR in ./node_modules/@react-three/drei/web/Select.js 125:13-20
export 'shallow' (imported as 'shallow') was not found in 'zustand/shallow' (possible exports: __esModule, default)

ERROR in ./node_modules/@react-three/drei/web/View.js 3:0-31
Module not found: Error: Can't resolve 'three' in '/tmp/kavia/workspace/code-generation/3d-virtual-rubiks-challenge-1296-379bdfd8/3d_virtual_rubiks_challenge/node_modules/@react-three/drei/web'

ERROR in ./node_modules/@react-three/drei/web/View.js 4:0-79
Module not found: Error: Can't resolve '@react-three/fiber' in '/tmp/kavia/workspace/code-generation/3d-virtual-rubiks-challenge-1296-379bdfd8/3d_virtual_rubiks_challenge/node_modules/@react-three/drei/web'

ERROR in ./node_modules/@react-three/drei/web/View.js 5:0-32
Module not found: Error: Can't resolve 'tunnel-rat' in '/tmp/kavia/workspace/code-generation/3d-virtual-rubiks-challenge-1296-379bdfd8/3d_virtual_rubiks_challenge/node_modules/@react-three/drei/web'

ERROR in ./node_modules/@react-three/drei/web/pivotControls/AxisArrow.js 2:0-31
Module not found: Error: Can't resolve 'three' in '/tmp/kavia/workspace/code-generation/3d-virtual-rubiks-challenge-1296-379bdfd8/3d_virtual_rubiks_challenge/node_modules/@react-three/drei/web/pivotControls'

ERROR in ./node_modules/@react-three/drei/web/pivotControls/AxisArrow.js 3:0-46
Module not found: Error: Can't resolve '@react-three/fiber' in '/tmp/kavia/workspace/code-generation/3d-virtual-rubiks-challenge-1296-379bdfd8/3d_virtual_rubiks_challenge/node_modules/@react-three/drei/web/pivotControls'

ERROR in ./node_modules/@react-three/drei/web/pivotControls/AxisRotator.js 2:0-31
Module not found: Error: Can't resolve 'three' in '/tmp/kavia/workspace/code-generation/3d-virtual-rubiks-challenge-1296-379bdfd8/3d_virtual_rubiks_challenge/node_modules/@react-three/drei/web/pivotControls'

ERROR in ./node_modules/@react-three/drei/web/pivotControls/AxisRotator.js 3:0-46
Module not found: Error: Can't resolve '@react-three/fiber' in '/tmp/kavia/workspace/code-generation/3d-virtual-rubiks-challenge-1296-379bdfd8/3d_virtual_rubiks_challenge/node_modules/@react-three/drei/web/pivotControls'

ERROR in ./node_modules/@react-three/drei/web/pivotControls/PlaneSlider.js 2:0-31
Module not found: Error: Can't resolve 'three' in '/tmp/kavia/workspace/code-generation/3d-virtual-rubiks-challenge-1296-379bdfd8/3d_virtual_rubiks_challenge/node_modules/@react-three/drei/web/pivotControls'

ERROR in ./node_modules/@react-three/drei/web/pivotControls/PlaneSlider.js 3:0-46
Module not found: Error: Can't resolve '@react-three/fiber' in '/tmp/kavia/workspace/code-generation/3d-virtual-rubiks-challenge-1296-379bdfd8/3d_virtual_rubiks_challenge/node_modules/@react-three/drei/web/pivotControls'

ERROR in ./node_modules/@react-three/drei/web/pivotControls/ScalingSphere.js 2:0-31
Module not found: Error: Can't resolve 'three' in '/tmp/kavia/workspace/code-generation/3d-virtual-rubiks-challenge-1296-379bdfd8/3d_virtual_rubiks_challenge/node_modules/@react-three/drei/web/pivotControls'

ERROR in ./node_modules/@react-three/drei/web/pivotControls/ScalingSphere.js 3:0-46
Module not found: Error: Can't resolve '@react-three/fiber' in '/tmp/kavia/workspace/code-generation/3d-virtual-rubiks-challenge-1296-379bdfd8/3d_virtual_rubiks_challenge/node_modules/@react-three/drei/web/pivotControls'

ERROR in ./node_modules/@react-three/drei/web/pivotControls/index.js 2:0-56
Module not found: Error: Can't resolve '@react-three/fiber' in '/tmp/kavia/workspace/code-generation/3d-virtual-rubiks-challenge-1296-379bdfd8/3d_virtual_rubiks_challenge/node_modules/@react-three/drei/web/pivotControls'

ERROR in ./node_modules/@react-three/drei/web/pivotControls/index.js 4:0-31
Module not found: Error: Can't resolve 'three' in '/tmp/kavia/workspace/code-generation/3d-virtual-rubiks-challenge-1296-379bdfd8/3d_virtual_rubiks_challenge/node_modules/@react-three/drei/web/pivotControls'

ERROR in ./node_modules/@react-three/fiber/dist/index-27578f8f.esm.js 1:0-31
Module not found: Error: Can't resolve 'three' in '/tmp/kavia/workspace/code-generation/3d-virtual-rubiks-challenge-1296-379bdfd8/3d_virtual_rubiks_challenge/node_modules/@react-three/fiber/dist'

ERROR in ./node_modules/@react-three/fiber/dist/index-27578f8f.esm.js 3:0-130
Module not found: Error: Can't resolve 'react-reconciler/constants' in '/tmp/kavia/workspace/code-generation/3d-virtual-rubiks-challenge-1296-379bdfd8/3d_virtual_rubiks_challenge/node_modules/@react-three/fiber/dist'

ERROR in ./node_modules/@react-three/fiber/dist/index-27578f8f.esm.js 5:0-42
Module not found: Error: Can't resolve 'react-reconciler' in '/tmp/kavia/workspace/code-generation/3d-virtual-rubiks-challenge-1296-379bdfd8/3d_virtual_rubiks_challenge/node_modules/@react-three/fiber/dist'

ERROR in ./node_modules/@react-three/fiber/dist/index-27578f8f.esm.js 7:0-56
Module not found: Error: Can't resolve 'suspend-react' in '/tmp/kavia/workspace/code-generation/3d-virtual-rubiks-challenge-1296-379bdfd8/3d_virtual_rubiks_challenge/node_modules/@react-three/fiber/dist'

ERROR in ./node_modules/@react-three/fiber/dist/react-three-fiber.esm.js 5:0-31
Module not found: Error: Can't resolve 'three' in '/tmp/kavia/workspace/code-generation/3d-virtual-rubiks-challenge-1296-379bdfd8/3d_virtual_rubiks_challenge/node_modules/@react-three/fiber/dist'

ERROR in ./node_modules/@react-three/fiber/dist/react-three-fiber.esm.js 6:0-43
Module not found: Error: Can't resolve 'react-use-measure' in '/tmp/kavia/workspace/code-generation/3d-virtual-rubiks-challenge-1296-379bdfd8/3d_virtual_rubiks_challenge/node_modules/@react-three/fiber/dist'

ERROR in ./node_modules/@react-three/fiber/dist/react-three-fiber.esm.js 7:0-59
Module not found: Error: Can't resolve 'its-fine' in '/tmp/kavia/workspace/code-generation/3d-virtual-rubiks-challenge-1296-379bdfd8/3d_virtual_rubiks_challenge/node_modules/@react-three/fiber/dist'

ERROR in ./node_modules/@react-three/fiber/dist/react-three-fiber.esm.js 8:0-36
Module not found: Error: Can't resolve 'react-reconciler/constants' in '/tmp/kavia/workspace/code-generation/3d-virtual-rubiks-challenge-1296-379bdfd8/3d_virtual_rubiks_challenge/node_modules/@react-three/fiber/dist'

ERROR in ./node_modules/@react-three/fiber/dist/react-three-fiber.esm.js 10:0-26
Module not found: Error: Can't resolve 'react-reconciler' in '/tmp/kavia/workspace/code-generation/3d-virtual-rubiks-challenge-1296-379bdfd8/3d_virtual_rubiks_challenge/node_modules/@react-three/fiber/dist'

ERROR in ./node_modules/@react-three/fiber/dist/react-three-fiber.esm.js 12:0-23
Module not found: Error: Can't resolve 'suspend-react' in '/tmp/kavia/workspace/code-generation/3d-virtual-rubiks-challenge-1296-379bdfd8/3d_virtual_rubiks_challenge/node_modules/@react-three/fiber/dist'

ERROR in ./node_modules/maath/dist/buffer-59a95d05.esm.js 3:0-44
Module not found: Error: Can't resolve 'three' in '/tmp/kavia/workspace/code-generation/3d-virtual-rubiks-challenge-1296-379bdfd8/3d_virtual_rubiks_challenge/node_modules/maath/dist'

ERROR in ./node_modules/maath/dist/easing-0f4db1c0.esm.js 2:0-96
Module not found: Error: Can't resolve 'three' in '/tmp/kavia/workspace/code-generation/3d-virtual-rubiks-challenge-1296-379bdfd8/3d_virtual_rubiks_challenge/node_modules/maath/dist'

ERROR in ./node_modules/maath/dist/geometry-0fb11825.esm.js 3:0-31
Module not found: Error: Can't resolve 'three' in '/tmp/kavia/workspace/code-generation/3d-virtual-rubiks-challenge-1296-379bdfd8/3d_virtual_rubiks_challenge/node_modules/maath/dist'

ERROR in ./node_modules/maath/dist/maath.esm.js 12:0-15
Module not found: Error: Can't resolve 'three' in '/tmp/kavia/workspace/code-generation/3d-virtual-rubiks-challenge-1296-379bdfd8/3d_virtual_rubiks_challenge/node_modules/maath/dist'

ERROR in ./node_modules/maath/dist/matrix-baa530bf.esm.js 1:0-32
Module not found: Error: Can't resolve 'three' in '/tmp/kavia/workspace/code-generation/3d-virtual-rubiks-challenge-1296-379bdfd8/3d_virtual_rubiks_challenge/node_modules/maath/dist'

ERROR in ./node_modules/maath/dist/misc-19a3ec46.esm.js 2:0-41
Module not found: Error: Can't resolve 'three' in '/tmp/kavia/workspace/code-generation/3d-virtual-rubiks-challenge-1296-379bdfd8/3d_virtual_rubiks_challenge/node_modules/maath/dist'

ERROR in ./node_modules/maath/dist/three-eb2ad8c0.esm.js 1:0-41
Module not found: Error: Can't resolve 'three' in '/tmp/kavia/workspace/code-generation/3d-virtual-rubiks-challenge-1296-379bdfd8/3d_virtual_rubiks_challenge/node_modules/maath/dist'

ERROR in ./node_modules/maath/dist/triangle-b62b9067.esm.js 2:0-41
Module not found: Error: Can't resolve 'three' in '/tmp/kavia/workspace/code-generation/3d-virtual-rubiks-challenge-1296-379bdfd8/3d_virtual_rubiks_challenge/node_modules/maath/dist'

ERROR in ./node_modules/troika-three-text/dist/troika-three-text.esm.js 1:0-269
Module not found: Error: Can't resolve 'three' in '/tmp/kavia/workspace/code-generation/3d-virtual-rubiks-challenge-1296-379bdfd8/3d_virtual_rubiks_challenge/node_modules/troika-three-text/dist'

ERROR in ./node_modules/troika-three-utils/dist/troika-three-utils.esm.js 1:0-206
Module not found: Error: Can't resolve 'three' in '/tmp/kavia/workspace/code-generation/3d-virtual-rubiks-challenge-1296-379bdfd8/3d_virtual_rubiks_challenge/node_modules/troika-three-utils/dist'

ERROR in ./node_modules/meshline/dist/index.js 12:0-31
Module not found: Error: Can't resolve 'three' in '/tmp/kavia/workspace/code-generation/3d-virtual-rubiks-challenge-1296-379bdfd8/3d_virtual_rubiks_challenge/node_modules/meshline/dist'

ERROR in ./node_modules/three-mesh-bvh/src/core/MeshBVH.js 1:0-57
Module not found: Error: Can't resolve 'three' in '/tmp/kavia/workspace/code-generation/3d-virtual-rubiks-challenge-1296-379bdfd8/3d_virtual_rubiks_challenge/node_modules/three-mesh-bvh/src/core'

ERROR in ./node_modules/three-mesh-bvh/src/core/build/geometryUtils.js 1:0-40
Module not found: Error: Can't resolve 'three' in '/tmp/kavia/workspace/code-generation/3d-virtual-rubiks-challenge-1296-379bdfd8/3d_virtual_rubiks_challenge/node_modules/three-mesh-bvh/src/core/build'

ERROR in ./node_modules/three-mesh-bvh/src/core/cast/bvhcast.js 1:0-38
Module not found: Error: Can't resolve 'three' in '/tmp/kavia/workspace/code-generation/3d-virtual-rubiks-challenge-1296-379bdfd8/3d_virtual_rubiks_challenge/node_modules/three-mesh-bvh/src/core/cast'

ERROR in ./node_modules/three-mesh-bvh/src/core/cast/closestPointToGeometry.generated.js 1:0-41
Module not found: Error: Can't resolve 'three' in '/tmp/kavia/workspace/code-generation/3d-virtual-rubiks-challenge-1296-379bdfd8/3d_virtual_rubiks_challenge/node_modules/three-mesh-bvh/src/core/cast'

ERROR in ./node_modules/three-mesh-bvh/src/core/cast/closestPointToGeometry_indirect.generated.js 1:0-41
Module not found: Error: Can't resolve 'three' in '/tmp/kavia/workspace/code-generation/3d-virtual-rubiks-challenge-1296-379bdfd8/3d_virtual_rubiks_challenge/node_modules/three-mesh-bvh/src/core/cast'

ERROR in ./node_modules/three-mesh-bvh/src/core/cast/closestPointToPoint.js 1:0-32
Module not found: Error: Can't resolve 'three' in '/tmp/kavia/workspace/code-generation/3d-virtual-rubiks-challenge-1296-379bdfd8/3d_virtual_rubiks_challenge/node_modules/three-mesh-bvh/src/core/cast'

ERROR in ./node_modules/three-mesh-bvh/src/core/cast/intersectsGeometry.generated.js 1:0-38
Module not found: Error: Can't resolve 'three' in '/tmp/kavia/workspace/code-generation/3d-virtual-rubiks-challenge-1296-379bdfd8/3d_virtual_rubiks_challenge/node_modules/three-mesh-bvh/src/core/cast'

ERROR in ./node_modules/three-mesh-bvh/src/core/cast/intersectsGeometry_indirect.generated.js 1:0-38
Module not found: Error: Can't resolve 'three' in '/tmp/kavia/workspace/code-generation/3d-virtual-rubiks-challenge-1296-379bdfd8/3d_virtual_rubiks_challenge/node_modules/three-mesh-bvh/src/core/cast'

ERROR in ./node_modules/three-mesh-bvh/src/core/cast/shapecast.js 1:0-29
Module not found: Error: Can't resolve 'three' in '/tmp/kavia/workspace/code-generation/3d-virtual-rubiks-challenge-1296-379bdfd8/3d_virtual_rubiks_challenge/node_modules/three-mesh-bvh/src/core/cast'

ERROR in ./node_modules/three-mesh-bvh/src/debug/Debug.js 1:0-38
Module not found: Error: Can't resolve 'three' in '/tmp/kavia/workspace/code-generation/3d-virtual-rubiks-challenge-1296-379bdfd8/3d_virtual_rubiks_challenge/node_modules/three-mesh-bvh/src/debug'

ERROR in ./node_modules/three-mesh-bvh/src/gpu/MeshBVHUniformStruct.js 1:0-125
Module not found: Error: Can't resolve 'three' in '/tmp/kavia/workspace/code-generation/3d-virtual-rubiks-challenge-1296-379bdfd8/3d_virtual_rubiks_challenge/node_modules/three-mesh-bvh/src/gpu'

ERROR in ./node_modules/three-mesh-bvh/src/gpu/VertexAttributeTexture.js 1:0-233
Module not found: Error: Can't resolve 'three' in '/tmp/kavia/workspace/code-generation/3d-virtual-rubiks-challenge-1296-379bdfd8/3d_virtual_rubiks_challenge/node_modules/three-mesh-bvh/src/gpu'

ERROR in ./node_modules/three-mesh-bvh/src/math/ExtendedTriangle.js 1:0-64
Module not found: Error: Can't resolve 'three' in '/tmp/kavia/workspace/code-generation/3d-virtual-rubiks-challenge-1296-379bdfd8/3d_virtual_rubiks_challenge/node_modules/three-mesh-bvh/src/math'

ERROR in ./node_modules/three-mesh-bvh/src/math/MathUtilities.js 1:0-55
Module not found: Error: Can't resolve 'three' in '/tmp/kavia/workspace/code-generation/3d-virtual-rubiks-challenge-1296-379bdfd8/3d_virtual_rubiks_challenge/node_modules/three-mesh-bvh/src/math'

ERROR in ./node_modules/three-mesh-bvh/src/math/OrientedBox.js 1:0-48
Module not found: Error: Can't resolve 'three' in '/tmp/kavia/workspace/code-generation/3d-virtual-rubiks-challenge-1296-379bdfd8/3d_virtual_rubiks_challenge/node_modules/three-mesh-bvh/src/math'

ERROR in ./node_modules/three-mesh-bvh/src/math/SeparatingAxisBounds.js 1:0-32
Module not found: Error: Can't resolve 'three' in '/tmp/kavia/workspace/code-generation/3d-virtual-rubiks-challenge-1296-379bdfd8/3d_virtual_rubiks_challenge/node_modules/three-mesh-bvh/src/math'

ERROR in ./node_modules/three-mesh-bvh/src/objects/MeshBVHHelper.js 1:0-132
Module not found: Error: Can't resolve 'three' in '/tmp/kavia/workspace/code-generation/3d-virtual-rubiks-challenge-1296-379bdfd8/3d_virtual_rubiks_challenge/node_modules/three-mesh-bvh/src/objects'

ERROR in ./node_modules/three-mesh-bvh/src/utils/ExtensionUtilities.js 1:0-83
Module not found: Error: Can't resolve 'three' in '/tmp/kavia/workspace/code-generation/3d-virtual-rubiks-challenge-1296-379bdfd8/3d_virtual_rubiks_challenge/node_modules/three-mesh-bvh/src/utils'

ERROR in ./node_modules/three-mesh-bvh/src/utils/StaticGeometryGenerator.js 1:0-92
Module not found: Error: Can't resolve 'three' in '/tmp/kavia/workspace/code-generation/3d-virtual-rubiks-challenge-1296-379bdfd8/3d_virtual_rubiks_challenge/node_modules/three-mesh-bvh/src/utils'

ERROR in ./node_modules/three-mesh-bvh/src/utils/ThreeRayIntersectUtilities.js 1:0-83
Module not found: Error: Can't resolve 'three' in '/tmp/kavia/workspace/code-generation/3d-virtual-rubiks-challenge-1296-379bdfd8/3d_virtual_rubiks_challenge/node_modules/three-mesh-bvh/src/utils'

ERROR in ./node_modules/three-mesh-bvh/src/utils/TriangleUtilities.js 1:0-51
Module not found: Error: Can't resolve 'three' in '/tmp/kavia/workspace/code-generation/3d-virtual-rubiks-challenge-1296-379bdfd8/3d_virtual_rubiks_challenge/node_modules/three-mesh-bvh/src/utils'

ERROR in ./node_modules/three-stdlib/_polyfill/CapsuleGeometry.js 1:0-44
Module not found: Error: Can't resolve 'three' in '/tmp/kavia/workspace/code-generation/3d-virtual-rubiks-challenge-1296-379bdfd8/3d_virtual_rubiks_challenge/node_modules/three-stdlib/_polyfill'

ERROR in ./node_modules/three-stdlib/_polyfill/CompressedArrayTexture.js 1:0-63
Module not found: Error: Can't resolve 'three' in '/tmp/kavia/workspace/code-generation/3d-virtual-rubiks-challenge-1296-379bdfd8/3d_virtual_rubiks_challenge/node_modules/three-stdlib/_polyfill'

ERROR in ./node_modules/three-stdlib/_polyfill/CompressedCubeTexture.js 1:0-65
Module not found: Error: Can't resolve 'three' in '/tmp/kavia/workspace/code-generation/3d-virtual-rubiks-challenge-1296-379bdfd8/3d_virtual_rubiks_challenge/node_modules/three-stdlib/_polyfill'

ERROR in ./node_modules/three-stdlib/_polyfill/Data3DTexture.js 1:0-68
Module not found: Error: Can't resolve 'three' in '/tmp/kavia/workspace/code-generation/3d-virtual-rubiks-challenge-1296-379bdfd8/3d_virtual_rubiks_challenge/node_modules/three-stdlib/_polyfill'

ERROR in ./node_modules/three-stdlib/_polyfill/constants.js 1:0-33
Module not found: Error: Can't resolve 'three' in '/tmp/kavia/workspace/code-generation/3d-virtual-rubiks-challenge-1296-379bdfd8/3d_virtual_rubiks_challenge/node_modules/three-stdlib/_polyfill'

ERROR in ./node_modules/three-stdlib/animation/AnimationClipCreator.js 1:0-131
Module not found: Error: Can't resolve 'three' in '/tmp/kavia/workspace/code-generation/3d-virtual-rubiks-challenge-1296-379bdfd8/3d_virtual_rubiks_challenge/node_modules/three-stdlib/animation'

ERROR in ./node_modules/three-stdlib/animation/CCDIKSolver.js 1:0-169
Module not found: Error: Can't resolve 'three' in '/tmp/kavia/workspace/code-generation/3d-virtual-rubiks-challenge-1296-379bdfd8/3d_virtual_rubiks_challenge/node_modules/three-stdlib/animation'

ERROR in ./node_modules/three-stdlib/animation/MMDAnimationHelper.js 1:0-70
Module not found: Error: Can't resolve 'three' in '/tmp/kavia/workspace/code-generation/3d-virtual-rubiks-challenge-1296-379bdfd8/3d_virtual_rubiks_challenge/node_modules/three-stdlib/animation'

ERROR in ./node_modules/three-stdlib/animation/MMDPhysics.js 1:0-137
Module not found: Error: Can't resolve 'three' in '/tmp/kavia/workspace/code-generation/3d-virtual-rubiks-challenge-1296-379bdfd8/3d_virtual_rubiks_challenge/node_modules/three-stdlib/animation'

ERROR in ./node_modules/three-stdlib/cameras/CinematicCamera.js 1:0-140
Module not found: Error: Can't resolve 'three' in '/tmp/kavia/workspace/code-generation/3d-virtual-rubiks-challenge-1296-379bdfd8/3d_virtual_rubiks_challenge/node_modules/three-stdlib/cameras'

ERROR in ./node_modules/three-stdlib/controls/ArcballControls.js 12:0-211
Module not found: Error: Can't resolve 'three' in '/tmp/kavia/workspace/code-generation/3d-virtual-rubiks-challenge-1296-379bdfd8/3d_virtual_rubiks_challenge/node_modules/three-stdlib/controls'

ERROR in ./node_modules/three-stdlib/controls/DeviceOrientationControls.js 12:0-62
Module not found: Error: Can't resolve 'three' in '/tmp/kavia/workspace/code-generation/3d-virtual-rubiks-challenge-1296-379bdfd8/3d_virtual_rubiks_challenge/node_modules/three-stdlib/controls'

ERROR in ./node_modules/three-stdlib/controls/DragControls.js 12:0-68
Module not found: Error: Can't resolve 'three' in '/tmp/kavia/workspace/code-generation/3d-virtual-rubiks-challenge-1296-379bdfd8/3d_virtual_rubiks_challenge/node_modules/three-stdlib/controls'

ERROR in ./node_modules/three-stdlib/controls/FirstPersonControls.js 12:0-54
Module not found: Error: Can't resolve 'three' in '/tmp/kavia/workspace/code-generation/3d-virtual-rubiks-challenge-1296-379bdfd8/3d_virtual_rubiks_challenge/node_modules/three-stdlib/controls'

ERROR in ./node_modules/three-stdlib/controls/FlyControls.js 12:0-44
Module not found: Error: Can't resolve 'three' in '/tmp/kavia/workspace/code-generation/3d-virtual-rubiks-challenge-1296-379bdfd8/3d_virtual_rubiks_challenge/node_modules/three-stdlib/controls'

ERROR in ./node_modules/three-stdlib/controls/OrbitControls.js 12:0-129
Module not found: Error: Can't resolve 'three' in '/tmp/kavia/workspace/code-generation/3d-virtual-rubiks-challenge-1296-379bdfd8/3d_virtual_rubiks_challenge/node_modules/three-stdlib/controls'

ERROR in ./node_modules/three-stdlib/controls/PointerLockControls.js 12:0-39
Module not found: Error: Can't resolve 'three' in '/tmp/kavia/workspace/code-generation/3d-virtual-rubiks-challenge-1296-379bdfd8/3d_virtual_rubiks_challenge/node_modules/three-stdlib/controls'

ERROR in ./node_modules/three-stdlib/controls/TrackballControls.js 12:0-60
Module not found: Error: Can't resolve 'three' in '/tmp/kavia/workspace/code-generation/3d-virtual-rubiks-challenge-1296-379bdfd8/3d_virtual_rubiks_challenge/node_modules/three-stdlib/controls'

ERROR in ./node_modules/three-stdlib/controls/TransformControls.js 12:0-287
Module not found: Error: Can't resolve 'three' in '/tmp/kavia/workspace/code-generation/3d-virtual-rubiks-challenge-1296-379bdfd8/3d_virtual_rubiks_challenge/node_modules/three-stdlib/controls'

ERROR in ./node_modules/three-stdlib/controls/experimental/CameraControls.js 12:0-117
Module not found: Error: Can't resolve 'three' in '/tmp/kavia/workspace/code-generation/3d-virtual-rubiks-challenge-1296-379bdfd8/3d_virtual_rubiks_challenge/node_modules/three-stdlib/controls/experimental'

ERROR in ./node_modules/three-stdlib/csm/CSM.js 1:0-98
Module not found: Error: Can't resolve 'three' in '/tmp/kavia/workspace/code-generation/3d-virtual-rubiks-challenge-1296-379bdfd8/3d_virtual_rubiks_challenge/node_modules/three-stdlib/csm'

ERROR in ./node_modules/three-stdlib/csm/CSMFrustum.js 1:0-41
Module not found: Error: Can't resolve 'three' in '/tmp/kavia/workspace/code-generation/3d-virtual-rubiks-challenge-1296-379bdfd8/3d_virtual_rubiks_challenge/node_modules/three-stdlib/csm'

ERROR in ./node_modules/three-stdlib/csm/CSMHelper.js 1:0-166
Module not found: Error: Can't resolve 'three' in '/tmp/kavia/workspace/code-generation/3d-virtual-rubiks-challenge-1296-379bdfd8/3d_virtual_rubiks_challenge/node_modules/three-stdlib/csm'

ERROR in ./node_modules/three-stdlib/csm/CSMShader.js 1:0-36
Module not found: Error: Can't resolve 'three' in '/tmp/kavia/workspace/code-generation/3d-virtual-rubiks-challenge-1296-379bdfd8/3d_virtual_rubiks_challenge/node_modules/three-stdlib/csm'

ERROR in ./node_modules/three-stdlib/curves/CurveExtras.js 1:0-39
Module not found: Error: Can't resolve 'three' in '/tmp/kavia/workspace/code-generation/3d-virtual-rubiks-challenge-1296-379bdfd8/3d_virtual_rubiks_challenge/node_modules/three-stdlib/curves'

ERROR in ./node_modules/three-stdlib/curves/NURBSCurve.js 1:0-48
Module not found: Error: Can't resolve 'three' in '/tmp/kavia/workspace/code-generation/3d-virtual-rubiks-challenge-1296-379bdfd8/3d_virtual_rubiks_challenge/node_modules/three-stdlib/curves'

ERROR in ./node_modules/three-stdlib/curves/NURBSSurface.js 1:0-32
Module not found: Error: Can't resolve 'three' in '/tmp/kavia/workspace/code-generation/3d-virtual-rubiks-challenge-1296-379bdfd8/3d_virtual_rubiks_challenge/node_modules/three-stdlib/curves'

ERROR in ./node_modules/three-stdlib/curves/NURBSUtils.js 1:0-41
Module not found: Error: Can't resolve 'three' in '/tmp/kavia/workspace/code-generation/3d-virtual-rubiks-challenge-1296-379bdfd8/3d_virtual_rubiks_challenge/node_modules/three-stdlib/curves'

ERROR in ./node_modules/three-stdlib/deprecated/Geometry.js 1:0-175
Module not found: Error: Can't resolve 'three' in '/tmp/kavia/workspace/code-generation/3d-virtual-rubiks-challenge-1296-379bdfd8/3d_virtual_rubiks_challenge/node_modules/three-stdlib/deprecated'

ERROR in ./node_modules/three-stdlib/effects/AnaglyphEffect.js 1:0-170
Module not found: Error: Can't resolve 'three' in '/tmp/kavia/workspace/code-generation/3d-virtual-rubiks-challenge-1296-379bdfd8/3d_virtual_rubiks_challenge/node_modules/three-stdlib/effects'

ERROR in ./node_modules/three-stdlib/effects/OutlineEffect.js 1:0-84
Module not found: Error: Can't resolve 'three' in '/tmp/kavia/workspace/code-generation/3d-virtual-rubiks-challenge-1296-379bdfd8/3d_virtual_rubiks_challenge/node_modules/three-stdlib/effects'

ERROR in ./node_modules/three-stdlib/effects/ParallaxBarrierEffect.js 1:0-161
Module not found: Error: Can't resolve 'three' in '/tmp/kavia/workspace/code-generation/3d-virtual-rubiks-challenge-1296-379bdfd8/3d_virtual_rubiks_challenge/node_modules/three-stdlib/effects'

ERROR in ./node_modules/three-stdlib/effects/PeppersGhostEffect.js 1:0-63
Module not found: Error: Can't resolve 'three' in '/tmp/kavia/workspace/code-generation/3d-virtual-rubiks-challenge-1296-379bdfd8/3d_virtual_rubiks_challenge/node_modules/three-stdlib/effects'

ERROR in ./node_modules/three-stdlib/effects/StereoEffect.js 1:0-46
Module not found: Error: Can't resolve 'three' in '/tmp/kavia/workspace/code-generation/3d-virtual-rubiks-challenge-1296-379bdfd8/3d_virtual_rubiks_challenge/node_modules/three-stdlib/effects'

ERROR in ./node_modules/three-stdlib/environments/RoomEnvironment.js 1:0-31
Module not found: Error: Can't resolve 'three' in '/tmp/kavia/workspace/code-generation/3d-virtual-rubiks-challenge-1296-379bdfd8/3d_virtual_rubiks_challenge/node_modules/three-stdlib/environments'

ERROR in ./node_modules/three-stdlib/exporters/ColladaExporter.js 12:0-144
Module not found: Error: Can't resolve 'three' in '/tmp/kavia/workspace/code-generation/3d-virtual-rubiks-challenge-1296-379bdfd8/3d_virtual_rubiks_challenge/node_modules/three-stdlib/exporters'

ERROR in ./node_modules/three-stdlib/exporters/DRACOExporter.js 12:0-53
Module not found: Error: Can't resolve 'three' in '/tmp/kavia/workspace/code-generation/3d-virtual-rubiks-challenge-1296-379bdfd8/3d_virtual_rubiks_challenge/node_modules/three-stdlib/exporters'

ERROR in ./node_modules/three-stdlib/exporters/GLTFExporter.js 12:0-470
Module not found: Error: Can't resolve 'three' in '/tmp/kavia/workspace/code-generation/3d-virtual-rubiks-challenge-1296-379bdfd8/3d_virtual_rubiks_challenge/node_modules/three-stdlib/exporters'

ERROR in ./node_modules/three-stdlib/exporters/MMDExporter.js 12:0-53
Module not found: Error: Can't resolve 'three' in '/tmp/kavia/workspace/code-generation/3d-virtual-rubiks-challenge-1296-379bdfd8/3d_virtual_rubiks_challenge/node_modules/three-stdlib/exporters'

ERROR in ./node_modules/three-stdlib/exporters/OBJExporter.js 12:0-94
Module not found: Error: Can't resolve 'three' in '/tmp/kavia/workspace/code-generation/3d-virtual-rubiks-challenge-1296-379bdfd8/3d_virtual_rubiks_challenge/node_modules/three-stdlib/exporters'

ERROR in ./node_modules/three-stdlib/exporters/PLYExporter.js 1:0-47
Module not found: Error: Can't resolve 'three' in '/tmp/kavia/workspace/code-generation/3d-virtual-rubiks-challenge-1296-379bdfd8/3d_virtual_rubiks_challenge/node_modules/three-stdlib/exporters'

ERROR in ./node_modules/three-stdlib/exporters/STLExporter.js 12:0-32
Module not found: Error: Can't resolve 'three' in '/tmp/kavia/workspace/code-generation/3d-virtual-rubiks-challenge-1296-379bdfd8/3d_virtual_rubiks_challenge/node_modules/three-stdlib/exporters'

ERROR in ./node_modules/three-stdlib/exporters/USDZExporter.js 13:0-51
Module not found: Error: Can't resolve 'three' in '/tmp/kavia/workspace/code-generation/3d-virtual-rubiks-challenge-1296-379bdfd8/3d_virtual_rubiks_challenge/node_modules/three-stdlib/exporters'

ERROR in ./node_modules/three-stdlib/geometries/BoxLineGeometry.js 1:0-63
Module not found: Error: Can't resolve 'three' in '/tmp/kavia/workspace/code-generation/3d-virtual-rubiks-challenge-1296-379bdfd8/3d_virtual_rubiks_challenge/node_modules/three-stdlib/geometries'

ERROR in ./node_modules/three-stdlib/geometries/ConvexGeometry.js 1:0-63
Module not found: Error: Can't resolve 'three' in '/tmp/kavia/workspace/code-generation/3d-virtual-rubiks-challenge-1296-379bdfd8/3d_virtual_rubiks_challenge/node_modules/three-stdlib/geometries'

ERROR in ./node_modules/three-stdlib/geometries/DecalGeometry.js 1:0-81
Module not found: Error: Can't resolve 'three' in '/tmp/kavia/workspace/code-generation/3d-virtual-rubiks-challenge-1296-379bdfd8/3d_virtual_rubiks_challenge/node_modules/three-stdlib/geometries'

ERROR in ./node_modules/three-stdlib/geometries/LightningStrike.js 12:0-124
Module not found: Error: Can't resolve 'three' in '/tmp/kavia/workspace/code-generation/3d-virtual-rubiks-challenge-1296-379bdfd8/3d_virtual_rubiks_challenge/node_modules/three-stdlib/geometries'

ERROR in ./node_modules/three-stdlib/geometries/ParametricGeometries.js 1:0-39
Module not found: Error: Can't resolve 'three' in '/tmp/kavia/workspace/code-generation/3d-virtual-rubiks-challenge-1296-379bdfd8/3d_virtual_rubiks_challenge/node_modules/three-stdlib/geometries'

ERROR in ./node_modules/three-stdlib/geometries/ParametricGeometry.js 1:0-72
Module not found: Error: Can't resolve 'three' in '/tmp/kavia/workspace/code-generation/3d-virtual-rubiks-challenge-1296-379bdfd8/3d_virtual_rubiks_challenge/node_modules/three-stdlib/geometries'

ERROR in ./node_modules/three-stdlib/geometries/RoundedBoxGeometry.js 1:0-45
Module not found: Error: Can't resolve 'three' in '/tmp/kavia/workspace/code-generation/3d-virtual-rubiks-challenge-1296-379bdfd8/3d_virtual_rubiks_challenge/node_modules/three-stdlib/geometries'

ERROR in ./node_modules/three-stdlib/geometries/TeapotGeometry.js 1:0-83
Module not found: Error: Can't resolve 'three' in '/tmp/kavia/workspace/code-generation/3d-virtual-rubiks-challenge-1296-379bdfd8/3d_virtual_rubiks_challenge/node_modules/three-stdlib/geometries'

ERROR in ./node_modules/three-stdlib/geometries/TextGeometry.js 1:0-40
Module not found: Error: Can't resolve 'three' in '/tmp/kavia/workspace/code-generation/3d-virtual-rubiks-challenge-1296-379bdfd8/3d_virtual_rubiks_challenge/node_modules/three-stdlib/geometries'

ERROR in ./node_modules/three-stdlib/helpers/LightProbeHelper.js 1:0-61
Module not found: Error: Can't resolve 'three' in '/tmp/kavia/workspace/code-generation/3d-virtual-rubiks-challenge-1296-379bdfd8/3d_virtual_rubiks_challenge/node_modules/three-stdlib/helpers'

ERROR in ./node_modules/three-stdlib/helpers/PositionalAudioHelper.js 1:0-92
Module not found: Error: Can't resolve 'three' in '/tmp/kavia/workspace/code-generation/3d-virtual-rubiks-challenge-1296-379bdfd8/3d_virtual_rubiks_challenge/node_modules/three-stdlib/helpers'

ERROR in ./node_modules/three-stdlib/helpers/RaycasterHelper.js 12:0-163
Module not found: Error: Can't resolve 'three' in '/tmp/kavia/workspace/code-generation/3d-virtual-rubiks-challenge-1296-379bdfd8/3d_virtual_rubiks_challenge/node_modules/three-stdlib/helpers'

ERROR in ./node_modules/three-stdlib/helpers/RectAreaLightHelper.js 1:0-123
Module not found: Error: Can't resolve 'three' in '/tmp/kavia/workspace/code-generation/3d-virtual-rubiks-challenge-1296-379bdfd8/3d_virtual_rubiks_challenge/node_modules/three-stdlib/helpers'

ERROR in ./node_modules/three-stdlib/helpers/VertexNormalsHelper.js 1:0-114
Module not found: Error: Can't resolve 'three' in '/tmp/kavia/workspace/code-generation/3d-virtual-rubiks-challenge-1296-379bdfd8/3d_virtual_rubiks_challenge/node_modules/three-stdlib/helpers'

ERROR in ./node_modules/three-stdlib/helpers/VertexTangentsHelper.js 1:0-105
Module not found: Error: Can't resolve 'three' in '/tmp/kavia/workspace/code-generation/3d-virtual-rubiks-challenge-1296-379bdfd8/3d_virtual_rubiks_challenge/node_modules/three-stdlib/helpers'

ERROR in ./node_modules/three-stdlib/interactive/HTMLMesh.js 1:0-99
Module not found: Error: Can't resolve 'three' in '/tmp/kavia/workspace/code-generation/3d-virtual-rubiks-challenge-1296-379bdfd8/3d_virtual_rubiks_challenge/node_modules/three-stdlib/interactive'

ERROR in ./node_modules/three-stdlib/interactive/InteractiveGroup.js 1:0-59
Module not found: Error: Can't resolve 'three' in '/tmp/kavia/workspace/code-generation/3d-virtual-rubiks-challenge-1296-379bdfd8/3d_virtual_rubiks_challenge/node_modules/three-stdlib/interactive'

ERROR in ./node_modules/three-stdlib/interactive/SelectionBox.js 1:0-41
Module not found: Error: Can't resolve 'three' in '/tmp/kavia/workspace/code-generation/3d-virtual-rubiks-challenge-1296-379bdfd8/3d_virtual_rubiks_challenge/node_modules/three-stdlib/interactive'

ERROR in ./node_modules/three-stdlib/interactive/SelectionHelper.js 1:0-32
Module not found: Error: Can't resolve 'three' in '/tmp/kavia/workspace/code-generation/3d-virtual-rubiks-challenge-1296-379bdfd8/3d_virtual_rubiks_challenge/node_modules/three-stdlib/interactive'

ERROR in ./node_modules/three-stdlib/lights/LightProbeGenerator.js 1:0-72
Module not found: Error: Can't resolve 'three' in '/tmp/kavia/workspace/code-generation/3d-virtual-rubiks-challenge-1296-379bdfd8/3d_virtual_rubiks_challenge/node_modules/three-stdlib/lights'

ERROR in ./node_modules/three-stdlib/lights/RectAreaLightUniformsLib.js 1:0-159
Module not found: Error: Can't resolve 'three' in '/tmp/kavia/workspace/code-generation/3d-virtual-rubiks-challenge-1296-379bdfd8/3d_virtual_rubiks_challenge/node_modules/three-stdlib/lights'

ERROR in ./node_modules/three-stdlib/lines/LineMaterial.js 1:0-76
Module not found: Error: Can't resolve 'three' in '/tmp/kavia/workspace/code-generation/3d-virtual-rubiks-challenge-1296-379bdfd8/3d_virtual_rubiks_challenge/node_modules/three-stdlib/lines'

ERROR in ./node_modules/three-stdlib/lines/LineSegmentsGeometry.js 1:0-170
Module not found: Error: Can't resolve 'three' in '/tmp/kavia/workspace/code-generation/3d-virtual-rubiks-challenge-1296-379bdfd8/3d_virtual_rubiks_challenge/node_modules/three-stdlib/lines'

ERROR in ./node_modules/three-stdlib/lines/LineSegments2.js 1:0-144
Module not found: Error: Can't resolve 'three' in '/tmp/kavia/workspace/code-generation/3d-virtual-rubiks-challenge-1296-379bdfd8/3d_virtual_rubiks_challenge/node_modules/three-stdlib/lines'

ERROR in ./node_modules/three-stdlib/lines/Wireframe.js 1:0-103
Module not found: Error: Can't resolve 'three' in '/tmp/kavia/workspace/code-generation/3d-virtual-rubiks-challenge-1296-379bdfd8/3d_virtual_rubiks_challenge/node_modules/three-stdlib/lines'

ERROR in ./node_modules/three-stdlib/lines/WireframeGeometry2.js 1:0-42
Module not found: Error: Can't resolve 'three' in '/tmp/kavia/workspace/code-generation/3d-virtual-rubiks-challenge-1296-379bdfd8/3d_virtual_rubiks_challenge/node_modules/three-stdlib/lines'

ERROR in ./node_modules/three-stdlib/loaders/AMFLoader.js 1:0-122
Module not found: Error: Can't resolve 'three' in '/tmp/kavia/workspace/code-generation/3d-virtual-rubiks-challenge-1296-379bdfd8/3d_virtual_rubiks_challenge/node_modules/three-stdlib/loaders'

ERROR in ./node_modules/three-stdlib/loaders/AssimpLoader.js 1:0-226
Module not found: Error: Can't resolve 'three' in '/tmp/kavia/workspace/code-generation/3d-virtual-rubiks-challenge-1296-379bdfd8/3d_virtual_rubiks_challenge/node_modules/three-stdlib/loaders'

ERROR in ./node_modules/three-stdlib/loaders/BVHLoader.js 1:0-141
Module not found: Error: Can't resolve 'three' in '/tmp/kavia/workspace/code-generation/3d-virtual-rubiks-challenge-1296-379bdfd8/3d_virtual_rubiks_challenge/node_modules/three-stdlib/loaders'

ERROR in ./node_modules/three-stdlib/loaders/BasisTextureLoader.js 12:0-324
Module not found: Error: Can't resolve 'three' in '/tmp/kavia/workspace/code-generation/3d-virtual-rubiks-challenge-1296-379bdfd8/3d_virtual_rubiks_challenge/node_modules/three-stdlib/loaders'

ERROR in ./node_modules/three-stdlib/loaders/ColladaLoader.js 1:0-537
Module not found: Error: Can't resolve 'three' in '/tmp/kavia/workspace/code-generation/3d-virtual-rubiks-challenge-1296-379bdfd8/3d_virtual_rubiks_challenge/node_modules/three-stdlib/loaders'

ERROR in ./node_modules/three-stdlib/loaders/DDSLoader.js 1:0-145
Module not found: Error: Can't resolve 'three' in '/tmp/kavia/workspace/code-generation/3d-virtual-rubiks-challenge-1296-379bdfd8/3d_virtual_rubiks_challenge/node_modules/three-stdlib/loaders'

ERROR in ./node_modules/three-stdlib/loaders/DRACOLoader.js 1:0-76
Module not found: Error: Can't resolve 'three' in '/tmp/kavia/workspace/code-generation/3d-virtual-rubiks-challenge-1296-379bdfd8/3d_virtual_rubiks_challenge/node_modules/three-stdlib/loaders'

ERROR in ./node_modules/three-stdlib/loaders/EXRLoader.js 1:0-116
Module not found: Error: Can't resolve 'three' in '/tmp/kavia/workspace/code-generation/3d-virtual-rubiks-challenge-1296-379bdfd8/3d_virtual_rubiks_challenge/node_modules/three-stdlib/loaders'

ERROR in ./node_modules/three-stdlib/loaders/FBXLoader.js 1:0-597
Module not found: Error: Can't resolve 'three' in '/tmp/kavia/workspace/code-generation/3d-virtual-rubiks-challenge-1296-379bdfd8/3d_virtual_rubiks_challenge/node_modules/three-stdlib/loaders'

ERROR in ./node_modules/three-stdlib/loaders/FontLoader.js 12:0-54
Module not found: Error: Can't resolve 'three' in '/tmp/kavia/workspace/code-generation/3d-virtual-rubiks-challenge-1296-379bdfd8/3d_virtual_rubiks_challenge/node_modules/three-stdlib/loaders'

ERROR in ./node_modules/three-stdlib/loaders/GCodeLoader.js 1:0-130
Module not found: Error: Can't resolve 'three' in '/tmp/kavia/workspace/code-generation/3d-virtual-rubiks-challenge-1296-379bdfd8/3d_virtual_rubiks_challenge/node_modules/three-stdlib/loaders'

ERROR in ./node_modules/three-stdlib/loaders/GLTFLoader.js 1:0-986
Module not found: Error: Can't resolve 'three' in '/tmp/kavia/workspace/code-generation/3d-virtual-rubiks-challenge-1296-379bdfd8/3d_virtual_rubiks_challenge/node_modules/three-stdlib/loaders'

ERROR in ./node_modules/three-stdlib/loaders/HDRCubeTextureLoader.js 1:0-109
Module not found: Error: Can't resolve 'three' in '/tmp/kavia/workspace/code-generation/3d-virtual-rubiks-challenge-1296-379bdfd8/3d_virtual_rubiks_challenge/node_modules/three-stdlib/loaders'

ERROR in ./node_modules/three-stdlib/loaders/KMZLoader.js 1:0-66
Module not found: Error: Can't resolve 'three' in '/tmp/kavia/workspace/code-generation/3d-virtual-rubiks-challenge-1296-379bdfd8/3d_virtual_rubiks_challenge/node_modules/three-stdlib/loaders'

ERROR in ./node_modules/three-stdlib/loaders/KTXLoader.js 1:0-48
Module not found: Error: Can't resolve 'three' in '/tmp/kavia/workspace/code-generation/3d-virtual-rubiks-challenge-1296-379bdfd8/3d_virtual_rubiks_challenge/node_modules/three-stdlib/loaders'

ERROR in ./node_modules/three-stdlib/loaders/KTX2Loader.js 12:0-406
Module not found: Error: Can't resolve 'three' in '/tmp/kavia/workspace/code-generation/3d-virtual-rubiks-challenge-1296-379bdfd8/3d_virtual_rubiks_challenge/node_modules/three-stdlib/loaders'

ERROR in ./node_modules/three-stdlib/loaders/LDrawLoader.js 1:0-218
Module not found: Error: Can't resolve 'three' in '/tmp/kavia/workspace/code-generation/3d-virtual-rubiks-challenge-1296-379bdfd8/3d_virtual_rubiks_challenge/node_modules/three-stdlib/loaders'

ERROR in ./node_modules/three-stdlib/loaders/LUTCubeLoader.js 1:0-118
Module not found: Error: Can't resolve 'three' in '/tmp/kavia/workspace/code-generation/3d-virtual-rubiks-challenge-1296-379bdfd8/3d_virtual_rubiks_challenge/node_modules/three-stdlib/loaders'

ERROR in ./node_modules/three-stdlib/loaders/LUT3dlLoader.js 1:0-121
Module not found: Error: Can't resolve 'three' in '/tmp/kavia/workspace/code-generation/3d-virtual-rubiks-challenge-1296-379bdfd8/3d_virtual_rubiks_challenge/node_modules/three-stdlib/loaders'

ERROR in ./node_modules/three-stdlib/loaders/LWOLoader.js 1:0-433
Module not found: Error: Can't resolve 'three' in '/tmp/kavia/workspace/code-generation/3d-virtual-rubiks-challenge-1296-379bdfd8/3d_virtual_rubiks_challenge/node_modules/three-stdlib/loaders'

ERROR in ./node_modules/three-stdlib/loaders/LottieLoader.js 1:0-73
Module not found: Error: Can't resolve 'three' in '/tmp/kavia/workspace/code-generation/3d-virtual-rubiks-challenge-1296-379bdfd8/3d_virtual_rubiks_challenge/node_modules/three-stdlib/loaders'

ERROR in ./node_modules/three-stdlib/loaders/MDDLoader.js 1:0-96
Module not found: Error: Can't resolve 'three' in '/tmp/kavia/workspace/code-generation/3d-virtual-rubiks-challenge-1296-379bdfd8/3d_virtual_rubiks_challenge/node_modules/three-stdlib/loaders'

ERROR in ./node_modules/three-stdlib/loaders/MD2Loader.js 1:0-107
Module not found: Error: Can't resolve 'three' in '/tmp/kavia/workspace/code-generation/3d-virtual-rubiks-challenge-1296-379bdfd8/3d_virtual_rubiks_challenge/node_modules/three-stdlib/loaders'

ERROR in ./node_modules/three-stdlib/loaders/MMDLoader.js 1:0-470
Module not found: Error: Can't resolve 'three' in '/tmp/kavia/workspace/code-generation/3d-virtual-rubiks-challenge-1296-379bdfd8/3d_virtual_rubiks_challenge/node_modules/three-stdlib/loaders'

ERROR in ./node_modules/three-stdlib/loaders/MTLLoader.js 1:0-156
Module not found: Error: Can't resolve 'three' in '/tmp/kavia/workspace/code-generation/3d-virtual-rubiks-challenge-1296-379bdfd8/3d_virtual_rubiks_challenge/node_modules/three-stdlib/loaders'

ERROR in ./node_modules/three-stdlib/loaders/NRRDLoader.js 1:0-61
Module not found: Error: Can't resolve 'three' in '/tmp/kavia/workspace/code-generation/3d-virtual-rubiks-challenge-1296-379bdfd8/3d_virtual_rubiks_challenge/node_modules/three-stdlib/loaders'

ERROR in ./node_modules/three-stdlib/loaders/OBJLoader.js 1:0-191
Module not found: Error: Can't resolve 'three' in '/tmp/kavia/workspace/code-generation/3d-virtual-rubiks-challenge-1296-379bdfd8/3d_virtual_rubiks_challenge/node_modules/three-stdlib/loaders'

ERROR in ./node_modules/three-stdlib/loaders/PCDLoader.js 1:0-107
Module not found: Error: Can't resolve 'three' in '/tmp/kavia/workspace/code-generation/3d-virtual-rubiks-challenge-1296-379bdfd8/3d_virtual_rubiks_challenge/node_modules/three-stdlib/loaders'

ERROR in ./node_modules/three-stdlib/loaders/PDBLoader.js 1:0-83
Module not found: Error: Can't resolve 'three' in '/tmp/kavia/workspace/code-generation/3d-virtual-rubiks-challenge-1296-379bdfd8/3d_virtual_rubiks_challenge/node_modules/three-stdlib/loaders'

ERROR in ./node_modules/three-stdlib/loaders/PLYLoader.js 1:0-83
Module not found: Error: Can't resolve 'three' in '/tmp/kavia/workspace/code-generation/3d-virtual-rubiks-challenge-1296-379bdfd8/3d_virtual_rubiks_challenge/node_modules/three-stdlib/loaders'

ERROR in ./node_modules/three-stdlib/loaders/PRWMLoader.js 1:0-76
Module not found: Error: Can't resolve 'three' in '/tmp/kavia/workspace/code-generation/3d-virtual-rubiks-challenge-1296-379bdfd8/3d_virtual_rubiks_challenge/node_modules/three-stdlib/loaders'

ERROR in ./node_modules/three-stdlib/loaders/PVRLoader.js 1:0-150
Module not found: Error: Can't resolve 'three' in '/tmp/kavia/workspace/code-generation/3d-virtual-rubiks-challenge-1296-379bdfd8/3d_virtual_rubiks_challenge/node_modules/three-stdlib/loaders'

ERROR in ./node_modules/three-stdlib/loaders/RGBELoader.js 1:0-93
Module not found: Error: Can't resolve 'three' in '/tmp/kavia/workspace/code-generation/3d-virtual-rubiks-challenge-1296-379bdfd8/3d_virtual_rubiks_challenge/node_modules/three-stdlib/loaders'

ERROR in ./node_modules/three-stdlib/loaders/RGBMLoader.js 1:0-107
Module not found: Error: Can't resolve 'three' in '/tmp/kavia/workspace/code-generation/3d-virtual-rubiks-challenge-1296-379bdfd8/3d_virtual_rubiks_challenge/node_modules/three-stdlib/loaders'

ERROR in ./node_modules/three-stdlib/loaders/STLLoader.js 1:0-109
Module not found: Error: Can't resolve 'three' in '/tmp/kavia/workspace/code-generation/3d-virtual-rubiks-challenge-1296-379bdfd8/3d_virtual_rubiks_challenge/node_modules/three-stdlib/loaders'

ERROR in ./node_modules/three-stdlib/loaders/SVGLoader.js 1:0-152
Module not found: Error: Can't resolve 'three' in '/tmp/kavia/workspace/code-generation/3d-virtual-rubiks-challenge-1296-379bdfd8/3d_virtual_rubiks_challenge/node_modules/three-stdlib/loaders'

ERROR in ./node_modules/three-stdlib/loaders/TDSLoader.js 1:0-189
Module not found: Error: Can't resolve 'three' in '/tmp/kavia/workspace/code-generation/3d-virtual-rubiks-challenge-1296-379bdfd8/3d_virtual_rubiks_challenge/node_modules/three-stdlib/loaders'

ERROR in ./node_modules/three-stdlib/loaders/TGALoader.js 1:0-68
Module not found: Error: Can't resolve 'three' in '/tmp/kavia/workspace/code-generation/3d-virtual-rubiks-challenge-1296-379bdfd8/3d_virtual_rubiks_challenge/node_modules/three-stdlib/loaders'

ERROR in ./node_modules/three-stdlib/loaders/TTFLoader.js 1:0-43
Module not found: Error: Can't resolve 'three' in '/tmp/kavia/workspace/code-generation/3d-virtual-rubiks-challenge-1296-379bdfd8/3d_virtual_rubiks_challenge/node_modules/three-stdlib/loaders'

ERROR in ./node_modules/three-stdlib/loaders/TiltLoader.js 1:0-175
Module not found: Error: Can't resolve 'three' in '/tmp/kavia/workspace/code-generation/3d-virtual-rubiks-challenge-1296-379bdfd8/3d_virtual_rubiks_challenge/node_modules/three-stdlib/loaders'

ERROR in ./node_modules/three-stdlib/loaders/VOXLoader.js 1:0-151
Module not found: Error: Can't resolve 'three' in '/tmp/kavia/workspace/code-generation/3d-virtual-rubiks-challenge-1296-379bdfd8/3d_virtual_rubiks_challenge/node_modules/three-stdlib/loaders'

ERROR in ./node_modules/three-stdlib/loaders/VRMLLoader.js 1:0-446
Module not found: Error: Can't resolve 'three' in '/tmp/kavia/workspace/code-generation/3d-virtual-rubiks-challenge-1296-379bdfd8/3d_virtual_rubiks_challenge/node_modules/three-stdlib/loaders'

ERROR in ./node_modules/three-stdlib/loaders/VRMLoader.js 1:0-31
Module not found: Error: Can't resolve 'three' in '/tmp/kavia/workspace/code-generation/3d-virtual-rubiks-challenge-1296-379bdfd8/3d_virtual_rubiks_challenge/node_modules/three-stdlib/loaders'

ERROR in ./node_modules/three-stdlib/loaders/VTKLoader.js 1:0-100
Module not found: Error: Can't resolve 'three' in '/tmp/kavia/workspace/code-generation/3d-virtual-rubiks-challenge-1296-379bdfd8/3d_virtual_rubiks_challenge/node_modules/three-stdlib/loaders'

ERROR in ./node_modules/three-stdlib/loaders/XLoader.js 1:0-269
Module not found: Error: Can't resolve 'three' in '/tmp/kavia/workspace/code-generation/3d-virtual-rubiks-challenge-1296-379bdfd8/3d_virtual_rubiks_challenge/node_modules/three-stdlib/loaders'

ERROR in ./node_modules/three-stdlib/loaders/XYZLoader.js 1:0-83
Module not found: Error: Can't resolve 'three' in '/tmp/kavia/workspace/code-generation/3d-virtual-rubiks-challenge-1296-379bdfd8/3d_virtual_rubiks_challenge/node_modules/three-stdlib/loaders'

ERROR in ./node_modules/three-stdlib/loaders/3DMLoader.js 1:0-322
Module not found: Error: Can't resolve 'three' in '/tmp/kavia/workspace/code-generation/3d-virtual-rubiks-challenge-1296-379bdfd8/3d_virtual_rubiks_challenge/node_modules/three-stdlib/loaders'

ERROR in ./node_modules/three-stdlib/loaders/3MFLoader.js 1:0-301
Module not found: Error: Can't resolve 'three' in '/tmp/kavia/workspace/code-generation/3d-virtual-rubiks-challenge-1296-379bdfd8/3d_virtual_rubiks_challenge/node_modules/three-stdlib/loaders'

ERROR in ./node_modules/three-stdlib/math/Capsule.js 1:0-32
Module not found: Error: Can't resolve 'three' in '/tmp/kavia/workspace/code-generation/3d-virtual-rubiks-challenge-1296-379bdfd8/3d_virtual_rubiks_challenge/node_modules/three-stdlib/math'

ERROR in ./node_modules/three-stdlib/math/ColorConverter.js 1:0-34
Module not found: Error: Can't resolve 'three' in '/tmp/kavia/workspace/code-generation/3d-virtual-rubiks-challenge-1296-379bdfd8/3d_virtual_rubiks_challenge/node_modules/three-stdlib/math'

ERROR in ./node_modules/three-stdlib/math/ConvexHull.js 1:0-56
Module not found: Error: Can't resolve 'three' in '/tmp/kavia/workspace/code-generation/3d-virtual-rubiks-challenge-1296-379bdfd8/3d_virtual_rubiks_challenge/node_modules/three-stdlib/math'

ERROR in ./node_modules/three-stdlib/math/Lut.js 1:0-41
Module not found: Error: Can't resolve 'three' in '/tmp/kavia/workspace/code-generation/3d-virtual-rubiks-challenge-1296-379bdfd8/3d_virtual_rubiks_challenge/node_modules/three-stdlib/math'

ERROR in ./node_modules/three-stdlib/math/MeshSurfaceSampler.js 1:0-42
Module not found: Error: Can't resolve 'three' in '/tmp/kavia/workspace/code-generation/3d-virtual-rubiks-challenge-1296-379bdfd8/3d_virtual_rubiks_challenge/node_modules/three-stdlib/math'

ERROR in ./node_modules/three-stdlib/math/OBB.js 1:0-72
Module not found: Error: Can't resolve 'three' in '/tmp/kavia/workspace/code-generation/3d-virtual-rubiks-challenge-1296-379bdfd8/3d_virtual_rubiks_challenge/node_modules/three-stdlib/math'

ERROR in ./node_modules/three-stdlib/math/Octree.js 1:0-70
Module not found: Error: Can't resolve 'three' in '/tmp/kavia/workspace/code-generation/3d-virtual-rubiks-challenge-1296-379bdfd8/3d_virtual_rubiks_challenge/node_modules/three-stdlib/math'

ERROR in ./node_modules/three-stdlib/misc/ConvexObjectBreaker.js 1:0-52
Module not found: Error: Can't resolve 'three' in '/tmp/kavia/workspace/code-generation/3d-virtual-rubiks-challenge-1296-379bdfd8/3d_virtual_rubiks_challenge/node_modules/three-stdlib/misc'

ERROR in ./node_modules/three-stdlib/misc/GPUComputationRenderer.js 1:0-181
Module not found: Error: Can't resolve 'three' in '/tmp/kavia/workspace/code-generation/3d-virtual-rubiks-challenge-1296-379bdfd8/3d_virtual_rubiks_challenge/node_modules/three-stdlib/misc'

ERROR in ./node_modules/three-stdlib/misc/Gyroscope.js 1:0-54
Module not found: Error: Can't resolve 'three' in '/tmp/kavia/workspace/code-generation/3d-virtual-rubiks-challenge-1296-379bdfd8/3d_virtual_rubiks_challenge/node_modules/three-stdlib/misc'

ERROR in ./node_modules/three-stdlib/misc/MD2Character.js 1:0-108
Module not found: Error: Can't resolve 'three' in '/tmp/kavia/workspace/code-generation/3d-virtual-rubiks-challenge-1296-379bdfd8/3d_virtual_rubiks_challenge/node_modules/three-stdlib/misc'

ERROR in ./node_modules/three-stdlib/misc/MD2CharacterComplex.js 1:0-97
Module not found: Error: Can't resolve 'three' in '/tmp/kavia/workspace/code-generation/3d-virtual-rubiks-challenge-1296-379bdfd8/3d_virtual_rubiks_challenge/node_modules/three-stdlib/misc'

ERROR in ./node_modules/three-stdlib/misc/MorphAnimMesh.js 1:0-60
Module not found: Error: Can't resolve 'three' in '/tmp/kavia/workspace/code-generation/3d-virtual-rubiks-challenge-1296-379bdfd8/3d_virtual_rubiks_challenge/node_modules/three-stdlib/misc'

ERROR in ./node_modules/three-stdlib/misc/MorphBlendMesh.js 1:0-40
Module not found: Error: Can't resolve 'three' in '/tmp/kavia/workspace/code-generation/3d-virtual-rubiks-challenge-1296-379bdfd8/3d_virtual_rubiks_challenge/node_modules/three-stdlib/misc'

ERROR in ./node_modules/three-stdlib/misc/ProgressiveLightmap.js 1:0-131
Module not found: Error: Can't resolve 'three' in '/tmp/kavia/workspace/code-generation/3d-virtual-rubiks-challenge-1296-379bdfd8/3d_virtual_rubiks_challenge/node_modules/three-stdlib/misc'

ERROR in ./node_modules/three-stdlib/misc/RollerCoaster.js 1:0-95
Module not found: Error: Can't resolve 'three' in '/tmp/kavia/workspace/code-generation/3d-virtual-rubiks-challenge-1296-379bdfd8/3d_virtual_rubiks_challenge/node_modules/three-stdlib/misc'

ERROR in ./node_modules/three-stdlib/misc/TubePainter.js 1:0-127
Module not found: Error: Can't resolve 'three' in '/tmp/kavia/workspace/code-generation/3d-virtual-rubiks-challenge-1296-379bdfd8/3d_virtual_rubiks_challenge/node_modules/three-stdlib/misc'

ERROR in ./node_modules/three-stdlib/misc/Volume.js 1:0-50
Module not found: Error: Can't resolve 'three' in '/tmp/kavia/workspace/code-generation/3d-virtual-rubiks-challenge-1296-379bdfd8/3d_virtual_rubiks_challenge/node_modules/three-stdlib/misc'

ERROR in ./node_modules/three-stdlib/misc/VolumeSlice.js 1:0-119
Module not found: Error: Can't resolve 'three' in '/tmp/kavia/workspace/code-generation/3d-virtual-rubiks-challenge-1296-379bdfd8/3d_virtual_rubiks_challenge/node_modules/three-stdlib/misc'

ERROR in ./node_modules/three-stdlib/modifiers/CurveModifier.js 12:0-138
Module not found: Error: Can't resolve 'three' in '/tmp/kavia/workspace/code-generation/3d-virtual-rubiks-challenge-1296-379bdfd8/3d_virtual_rubiks_challenge/node_modules/three-stdlib/modifiers'

ERROR in ./node_modules/three-stdlib/modifiers/EdgeSplitModifier.js 12:0-65
Module not found: Error: Can't resolve 'three' in '/tmp/kavia/workspace/code-generation/3d-virtual-rubiks-challenge-1296-379bdfd8/3d_virtual_rubiks_challenge/node_modules/three-stdlib/modifiers'

ERROR in ./node_modules/three-stdlib/modifiers/SimplifyModifier.js 12:0-72
Module not found: Error: Can't resolve 'three' in '/tmp/kavia/workspace/code-generation/3d-virtual-rubiks-challenge-1296-379bdfd8/3d_virtual_rubiks_challenge/node_modules/three-stdlib/modifiers'

ERROR in ./node_modules/three-stdlib/modifiers/TessellateModifier.js 12:0-88
Module not found: Error: Can't resolve 'three' in '/tmp/kavia/workspace/code-generation/3d-virtual-rubiks-challenge-1296-379bdfd8/3d_virtual_rubiks_challenge/node_modules/three-stdlib/modifiers'

ERROR in ./node_modules/three-stdlib/objects/BatchedMesh.js 12:0-118
Module not found: Error: Can't resolve 'three' in '/tmp/kavia/workspace/code-generation/3d-virtual-rubiks-challenge-1296-379bdfd8/3d_virtual_rubiks_challenge/node_modules/three-stdlib/objects'

ERROR in ./node_modules/three-stdlib/objects/GroundProjectedEnv.js 1:0-78
Module not found: Error: Can't resolve 'three' in '/tmp/kavia/workspace/code-generation/3d-virtual-rubiks-challenge-1296-379bdfd8/3d_virtual_rubiks_challenge/node_modules/three-stdlib/objects'

ERROR in ./node_modules/three-stdlib/objects/Lensflare.js 1:0-212
Module not found: Error: Can't resolve 'three' in '/tmp/kavia/workspace/code-generation/3d-virtual-rubiks-challenge-1296-379bdfd8/3d_virtual_rubiks_challenge/node_modules/three-stdlib/objects'

ERROR in ./node_modules/three-stdlib/objects/LightningStorm.js 1:0-69
Module not found: Error: Can't resolve 'three' in '/tmp/kavia/workspace/code-generation/3d-virtual-rubiks-challenge-1296-379bdfd8/3d_virtual_rubiks_challenge/node_modules/three-stdlib/objects'

ERROR in ./node_modules/three-stdlib/objects/MarchingCubes.js 1:0-104
Module not found: Error: Can't resolve 'three' in '/tmp/kavia/workspace/code-generation/3d-virtual-rubiks-challenge-1296-379bdfd8/3d_virtual_rubiks_challenge/node_modules/three-stdlib/objects'

ERROR in ./node_modules/three-stdlib/objects/Reflector.js 12:0-169
Module not found: Error: Can't resolve 'three' in '/tmp/kavia/workspace/code-generation/3d-virtual-rubiks-challenge-1296-379bdfd8/3d_virtual_rubiks_challenge/node_modules/three-stdlib/objects'

ERROR in ./node_modules/three-stdlib/objects/ReflectorForSSRPass.js 12:0-202
Module not found: Error: Can't resolve 'three' in '/tmp/kavia/workspace/code-generation/3d-virtual-rubiks-challenge-1296-379bdfd8/3d_virtual_rubiks_challenge/node_modules/three-stdlib/objects'

ERROR in ./node_modules/three-stdlib/objects/Refractor.js 12:0-181
Module not found: Error: Can't resolve 'three' in '/tmp/kavia/workspace/code-generation/3d-virtual-rubiks-challenge-1296-379bdfd8/3d_virtual_rubiks_challenge/node_modules/three-stdlib/objects'

ERROR in ./node_modules/three-stdlib/objects/ShadowMesh.js 1:0-95
Module not found: Error: Can't resolve 'three' in '/tmp/kavia/workspace/code-generation/3d-virtual-rubiks-challenge-1296-379bdfd8/3d_virtual_rubiks_challenge/node_modules/three-stdlib/objects'

ERROR in ./node_modules/three-stdlib/objects/Sky.js 12:0-92
Module not found: Error: Can't resolve 'three' in '/tmp/kavia/workspace/code-generation/3d-virtual-rubiks-challenge-1296-379bdfd8/3d_virtual_rubiks_challenge/node_modules/three-stdlib/objects'

ERROR in ./node_modules/three-stdlib/objects/Water.js 1:0-163
Module not found: Error: Can't resolve 'three' in '/tmp/kavia/workspace/code-generation/3d-virtual-rubiks-challenge-1296-379bdfd8/3d_virtual_rubiks_challenge/node_modules/three-stdlib/objects'

ERROR in ./node_modules/three-stdlib/objects/Water2.js 12:0-130
Module not found: Error: Can't resolve 'three' in '/tmp/kavia/workspace/code-generation/3d-virtual-rubiks-challenge-1296-379bdfd8/3d_virtual_rubiks_challenge/node_modules/three-stdlib/objects'

ERROR in ./node_modules/three-stdlib/postprocessing/AdaptiveToneMappingPass.js 1:0-130
Module not found: Error: Can't resolve 'three' in '/tmp/kavia/workspace/code-generation/3d-virtual-rubiks-challenge-1296-379bdfd8/3d_virtual_rubiks_challenge/node_modules/three-stdlib/postprocessing'

ERROR in ./node_modules/three-stdlib/postprocessing/AfterimagePass.js 12:0-133
Module not found: Error: Can't resolve 'three' in '/tmp/kavia/workspace/code-generation/3d-virtual-rubiks-challenge-1296-379bdfd8/3d_virtual_rubiks_challenge/node_modules/three-stdlib/postprocessing'

ERROR in ./node_modules/three-stdlib/postprocessing/BloomPass.js 13:0-100
Module not found: Error: Can't resolve 'three' in '/tmp/kavia/workspace/code-generation/3d-virtual-rubiks-challenge-1296-379bdfd8/3d_virtual_rubiks_challenge/node_modules/three-stdlib/postprocessing'

ERROR in ./node_modules/three-stdlib/postprocessing/BokehPass.js 13:0-144
Module not found: Error: Can't resolve 'three' in '/tmp/kavia/workspace/code-generation/3d-virtual-rubiks-challenge-1296-379bdfd8/3d_virtual_rubiks_challenge/node_modules/three-stdlib/postprocessing'

ERROR in ./node_modules/three-stdlib/postprocessing/ClearPass.js 13:0-30
Module not found: Error: Can't resolve 'three' in '/tmp/kavia/workspace/code-generation/3d-virtual-rubiks-challenge-1296-379bdfd8/3d_virtual_rubiks_challenge/node_modules/three-stdlib/postprocessing'

ERROR in ./node_modules/three-stdlib/postprocessing/CubeTexturePass.js 1:0-120
Module not found: Error: Can't resolve 'three' in '/tmp/kavia/workspace/code-generation/3d-virtual-rubiks-challenge-1296-379bdfd8/3d_virtual_rubiks_challenge/node_modules/three-stdlib/postprocessing'

ERROR in ./node_modules/three-stdlib/postprocessing/DotScreenPass.js 13:0-54
Module not found: Error: Can't resolve 'three' in '/tmp/kavia/workspace/code-generation/3d-virtual-rubiks-challenge-1296-379bdfd8/3d_virtual_rubiks_challenge/node_modules/three-stdlib/postprocessing'

ERROR in ./node_modules/three-stdlib/postprocessing/EffectComposer.js 12:0-96
Module not found: Error: Can't resolve 'three' in '/tmp/kavia/workspace/code-generation/3d-virtual-rubiks-challenge-1296-379bdfd8/3d_virtual_rubiks_challenge/node_modules/three-stdlib/postprocessing'

ERROR in ./node_modules/three-stdlib/postprocessing/FilmPass.js 13:0-54
Module not found: Error: Can't resolve 'three' in '/tmp/kavia/workspace/code-generation/3d-virtual-rubiks-challenge-1296-379bdfd8/3d_virtual_rubiks_challenge/node_modules/three-stdlib/postprocessing'

ERROR in ./node_modules/three-stdlib/postprocessing/GlitchPass.js 13:0-100
Module not found: Error: Can't resolve 'three' in '/tmp/kavia/workspace/code-generation/3d-virtual-rubiks-challenge-1296-379bdfd8/3d_virtual_rubiks_challenge/node_modules/three-stdlib/postprocessing'

ERROR in ./node_modules/three-stdlib/postprocessing/HalftonePass.js 13:0-54
Module not found: Error: Can't resolve 'three' in '/tmp/kavia/workspace/code-generation/3d-virtual-rubiks-challenge-1296-379bdfd8/3d_virtual_rubiks_challenge/node_modules/three-stdlib/postprocessing'

ERROR in ./node_modules/three-stdlib/postprocessing/OutlinePass.js 13:0-186
Module not found: Error: Can't resolve 'three' in '/tmp/kavia/workspace/code-generation/3d-virtual-rubiks-challenge-1296-379bdfd8/3d_virtual_rubiks_challenge/node_modules/three-stdlib/postprocessing'

ERROR in ./node_modules/three-stdlib/postprocessing/Pass.js 12:0-64
Module not found: Error: Can't resolve 'three' in '/tmp/kavia/workspace/code-generation/3d-virtual-rubiks-challenge-1296-379bdfd8/3d_virtual_rubiks_challenge/node_modules/three-stdlib/postprocessing'

ERROR in ./node_modules/three-stdlib/postprocessing/RenderPass.js 12:0-30
Module not found: Error: Can't resolve 'three' in '/tmp/kavia/workspace/code-generation/3d-virtual-rubiks-challenge-1296-379bdfd8/3d_virtual_rubiks_challenge/node_modules/three-stdlib/postprocessing'

ERROR in ./node_modules/three-stdlib/postprocessing/RenderPixelatedPass.js 1:0-137
Module not found: Error: Can't resolve 'three' in '/tmp/kavia/workspace/code-generation/3d-virtual-rubiks-challenge-1296-379bdfd8/3d_virtual_rubiks_challenge/node_modules/three-stdlib/postprocessing'

ERROR in ./node_modules/three-stdlib/postprocessing/SAOPass.js 12:0-294
Module not found: Error: Can't resolve 'three' in '/tmp/kavia/workspace/code-generation/3d-virtual-rubiks-challenge-1296-379bdfd8/3d_virtual_rubiks_challenge/node_modules/three-stdlib/postprocessing'

ERROR in ./node_modules/three-stdlib/postprocessing/SMAAPass.js 1:0-111
Module not found: Error: Can't resolve 'three' in '/tmp/kavia/workspace/code-generation/3d-virtual-rubiks-challenge-1296-379bdfd8/3d_virtual_rubiks_challenge/node_modules/three-stdlib/postprocessing'

ERROR in ./node_modules/three-stdlib/postprocessing/SSAARenderPass.js 1:0-113
Module not found: Error: Can't resolve 'three' in '/tmp/kavia/workspace/code-generation/3d-virtual-rubiks-challenge-1296-379bdfd8/3d_virtual_rubiks_challenge/node_modules/three-stdlib/postprocessing'

ERROR in ./node_modules/three-stdlib/postprocessing/SSAOPass.js 12:0-325
Module not found: Error: Can't resolve 'three' in '/tmp/kavia/workspace/code-generation/3d-virtual-rubiks-challenge-1296-379bdfd8/3d_virtual_rubiks_challenge/node_modules/three-stdlib/postprocessing'

ERROR in ./node_modules/three-stdlib/postprocessing/SSRPass.js 12:0-263
Module not found: Error: Can't resolve 'three' in '/tmp/kavia/workspace/code-generation/3d-virtual-rubiks-challenge-1296-379bdfd8/3d_virtual_rubiks_challenge/node_modules/three-stdlib/postprocessing'

ERROR in ./node_modules/three-stdlib/postprocessing/SavePass.js 1:0-85
Module not found: Error: Can't resolve 'three' in '/tmp/kavia/workspace/code-generation/3d-virtual-rubiks-challenge-1296-379bdfd8/3d_virtual_rubiks_challenge/node_modules/three-stdlib/postprocessing'

ERROR in ./node_modules/three-stdlib/postprocessing/ShaderPass.js 12:0-54
Module not found: Error: Can't resolve 'three' in '/tmp/kavia/workspace/code-generation/3d-virtual-rubiks-challenge-1296-379bdfd8/3d_virtual_rubiks_challenge/node_modules/three-stdlib/postprocessing'

ERROR in ./node_modules/three-stdlib/postprocessing/TAARenderPass.js 1:0-57
Module not found: Error: Can't resolve 'three' in '/tmp/kavia/workspace/code-generation/3d-virtual-rubiks-challenge-1296-379bdfd8/3d_virtual_rubiks_challenge/node_modules/three-stdlib/postprocessing'

ERROR in ./node_modules/three-stdlib/postprocessing/TexturePass.js 1:0-54
Module not found: Error: Can't resolve 'three' in '/tmp/kavia/workspace/code-generation/3d-virtual-rubiks-challenge-1296-379bdfd8/3d_virtual_rubiks_challenge/node_modules/three-stdlib/postprocessing'

ERROR in ./node_modules/three-stdlib/postprocessing/UnrealBloomPass.js 12:0-150
Module not found: Error: Can't resolve 'three' in '/tmp/kavia/workspace/code-generation/3d-virtual-rubiks-challenge-1296-379bdfd8/3d_virtual_rubiks_challenge/node_modules/three-stdlib/postprocessing'

ERROR in ./node_modules/three-stdlib/postprocessing/WaterPass.js 12:0-48
Module not found: Error: Can't resolve 'three' in '/tmp/kavia/workspace/code-generation/3d-virtual-rubiks-challenge-1296-379bdfd8/3d_virtual_rubiks_challenge/node_modules/three-stdlib/postprocessing'

ERROR in ./node_modules/three-stdlib/renderers/CSS2DRenderer.js 1:0-60
Module not found: Error: Can't resolve 'three' in '/tmp/kavia/workspace/code-generation/3d-virtual-rubiks-challenge-1296-379bdfd8/3d_virtual_rubiks_challenge/node_modules/three-stdlib/renderers'

ERROR in ./node_modules/three-stdlib/renderers/CSS3DRenderer.js 1:0-63
Module not found: Error: Can't resolve 'three' in '/tmp/kavia/workspace/code-generation/3d-virtual-rubiks-challenge-1296-379bdfd8/3d_virtual_rubiks_challenge/node_modules/three-stdlib/renderers'

ERROR in ./node_modules/three-stdlib/renderers/Projector.js 1:0-102
Module not found: Error: Can't resolve 'three' in '/tmp/kavia/workspace/code-generation/3d-virtual-rubiks-challenge-1296-379bdfd8/3d_virtual_rubiks_challenge/node_modules/three-stdlib/renderers'

ERROR in ./node_modules/three-stdlib/renderers/SVGRenderer.js 1:0-81
Module not found: Error: Can't resolve 'three' in '/tmp/kavia/workspace/code-generation/3d-virtual-rubiks-challenge-1296-379bdfd8/3d_virtual_rubiks_challenge/node_modules/three-stdlib/renderers'

ERROR in ./node_modules/three-stdlib/shaders/BokehShader2.js 1:0-32
Module not found: Error: Can't resolve 'three' in '/tmp/kavia/workspace/code-generation/3d-virtual-rubiks-challenge-1296-379bdfd8/3d_virtual_rubiks_challenge/node_modules/three-stdlib/shaders'

ERROR in ./node_modules/three-stdlib/shaders/ColorCorrectionShader.js 1:0-32
Module not found: Error: Can't resolve 'three' in '/tmp/kavia/workspace/code-generation/3d-virtual-rubiks-challenge-1296-379bdfd8/3d_virtual_rubiks_challenge/node_modules/three-stdlib/shaders'

ERROR in ./node_modules/three-stdlib/shaders/ColorifyShader.js 1:0-30
Module not found: Error: Can't resolve 'three' in '/tmp/kavia/workspace/code-generation/3d-virtual-rubiks-challenge-1296-379bdfd8/3d_virtual_rubiks_challenge/node_modules/three-stdlib/shaders'

ERROR in ./node_modules/three-stdlib/shaders/ConvolutionShader.js 1:0-32
Module not found: Error: Can't resolve 'three' in '/tmp/kavia/workspace/code-generation/3d-virtual-rubiks-challenge-1296-379bdfd8/3d_virtual_rubiks_challenge/node_modules/three-stdlib/shaders'

ERROR in ./node_modules/three-stdlib/shaders/DepthLimitedBlurShader.js 1:0-32
Module not found: Error: Can't resolve 'three' in '/tmp/kavia/workspace/code-generation/3d-virtual-rubiks-challenge-1296-379bdfd8/3d_virtual_rubiks_challenge/node_modules/three-stdlib/shaders'

ERROR in ./node_modules/three-stdlib/shaders/DotScreenShader.js 1:0-32
Module not found: Error: Can't resolve 'three' in '/tmp/kavia/workspace/code-generation/3d-virtual-rubiks-challenge-1296-379bdfd8/3d_virtual_rubiks_challenge/node_modules/three-stdlib/shaders'

ERROR in ./node_modules/three-stdlib/shaders/FXAAShader.js 1:0-32
Module not found: Error: Can't resolve 'three' in '/tmp/kavia/workspace/code-generation/3d-virtual-rubiks-challenge-1296-379bdfd8/3d_virtual_rubiks_challenge/node_modules/three-stdlib/shaders'

ERROR in ./node_modules/three-stdlib/shaders/FreiChenShader.js 1:0-32
Module not found: Error: Can't resolve 'three' in '/tmp/kavia/workspace/code-generation/3d-virtual-rubiks-challenge-1296-379bdfd8/3d_virtual_rubiks_challenge/node_modules/three-stdlib/shaders'

ERROR in ./node_modules/three-stdlib/shaders/GodRaysShader.js 1:0-39
Module not found: Error: Can't resolve 'three' in '/tmp/kavia/workspace/code-generation/3d-virtual-rubiks-challenge-1296-379bdfd8/3d_virtual_rubiks_challenge/node_modules/three-stdlib/shaders'

ERROR in ./node_modules/three-stdlib/shaders/LuminosityHighPassShader.js 1:0-30
Module not found: Error: Can't resolve 'three' in '/tmp/kavia/workspace/code-generation/3d-virtual-rubiks-challenge-1296-379bdfd8/3d_virtual_rubiks_challenge/node_modules/three-stdlib/shaders'

ERROR in ./node_modules/three-stdlib/shaders/NormalMapShader.js 1:0-32
Module not found: Error: Can't resolve 'three' in '/tmp/kavia/workspace/code-generation/3d-virtual-rubiks-challenge-1296-379bdfd8/3d_virtual_rubiks_challenge/node_modules/three-stdlib/shaders'

ERROR in ./node_modules/three-stdlib/shaders/SAOShader.js 1:0-41
Module not found: Error: Can't resolve 'three' in '/tmp/kavia/workspace/code-generation/3d-virtual-rubiks-challenge-1296-379bdfd8/3d_virtual_rubiks_challenge/node_modules/three-stdlib/shaders'

ERROR in ./node_modules/three-stdlib/shaders/SMAAShader.js 1:0-32
Module not found: Error: Can't resolve 'three' in '/tmp/kavia/workspace/code-generation/3d-virtual-rubiks-challenge-1296-379bdfd8/3d_virtual_rubiks_challenge/node_modules/three-stdlib/shaders'

ERROR in ./node_modules/three-stdlib/shaders/SSAOShader.js 1:0-41
Module not found: Error: Can't resolve 'three' in '/tmp/kavia/workspace/code-generation/3d-virtual-rubiks-challenge-1296-379bdfd8/3d_virtual_rubiks_challenge/node_modules/three-stdlib/shaders'

ERROR in ./node_modules/three-stdlib/shaders/SSRShader.js 1:0-41
Module not found: Error: Can't resolve 'three' in '/tmp/kavia/workspace/code-generation/3d-virtual-rubiks-challenge-1296-379bdfd8/3d_virtual_rubiks_challenge/node_modules/three-stdlib/shaders'

ERROR in ./node_modules/three-stdlib/shaders/SobelOperatorShader.js 1:0-32
Module not found: Error: Can't resolve 'three' in '/tmp/kavia/workspace/code-generation/3d-virtual-rubiks-challenge-1296-379bdfd8/3d_virtual_rubiks_challenge/node_modules/three-stdlib/shaders'

ERROR in ./node_modules/three-stdlib/shaders/SubsurfaceScatteringShader.js 1:0-69
Module not found: Error: Can't resolve 'three' in '/tmp/kavia/workspace/code-generation/3d-virtual-rubiks-challenge-1296-379bdfd8/3d_virtual_rubiks_challenge/node_modules/three-stdlib/shaders'

ERROR in ./node_modules/three-stdlib/shaders/ToonShader.js 1:0-39
Module not found: Error: Can't resolve 'three' in '/tmp/kavia/workspace/code-generation/3d-virtual-rubiks-challenge-1296-379bdfd8/3d_virtual_rubiks_challenge/node_modules/three-stdlib/shaders'

ERROR in ./node_modules/three-stdlib/shaders/TriangleBlurShader.js 1:0-32
Module not found: Error: Can't resolve 'three' in '/tmp/kavia/workspace/code-generation/3d-virtual-rubiks-challenge-1296-379bdfd8/3d_virtual_rubiks_challenge/node_modules/three-stdlib/shaders'

ERROR in ./node_modules/three-stdlib/shaders/VolumeShader.js 1:0-41
Module not found: Error: Can't resolve 'three' in '/tmp/kavia/workspace/code-generation/3d-virtual-rubiks-challenge-1296-379bdfd8/3d_virtual_rubiks_challenge/node_modules/three-stdlib/shaders'

ERROR in ./node_modules/three-stdlib/utils/BufferGeometryUtils.js 1:0-199
Module not found: Error: Can't resolve 'three' in '/tmp/kavia/workspace/code-generation/3d-virtual-rubiks-challenge-1296-379bdfd8/3d_virtual_rubiks_challenge/node_modules/three-stdlib/utils'

ERROR in ./node_modules/three-stdlib/utils/GeometryCompressionUtils.js 1:0-125
Module not found: Error: Can't resolve 'three' in '/tmp/kavia/workspace/code-generation/3d-virtual-rubiks-challenge-1296-379bdfd8/3d_virtual_rubiks_challenge/node_modules/three-stdlib/utils'

ERROR in ./node_modules/three-stdlib/utils/GeometryUtils.js 1:0-32
Module not found: Error: Can't resolve 'three' in '/tmp/kavia/workspace/code-generation/3d-virtual-rubiks-challenge-1296-379bdfd8/3d_virtual_rubiks_challenge/node_modules/three-stdlib/utils'

ERROR in ./node_modules/three-stdlib/utils/RoughnessMipmapper.js 12:0-134
Module not found: Error: Can't resolve 'three' in '/tmp/kavia/workspace/code-generation/3d-virtual-rubiks-challenge-1296-379bdfd8/3d_virtual_rubiks_challenge/node_modules/three-stdlib/utils'

ERROR in ./node_modules/three-stdlib/utils/SceneUtils.js 1:0-36
Module not found: Error: Can't resolve 'three' in '/tmp/kavia/workspace/code-generation/3d-virtual-rubiks-challenge-1296-379bdfd8/3d_virtual_rubiks_challenge/node_modules/three-stdlib/utils'

ERROR in ./node_modules/three-stdlib/utils/ShadowMapViewer.js 1:0-156
Module not found: Error: Can't resolve 'three' in '/tmp/kavia/workspace/code-generation/3d-virtual-rubiks-challenge-1296-379bdfd8/3d_virtual_rubiks_challenge/node_modules/three-stdlib/utils'

ERROR in ./node_modules/three-stdlib/utils/SkeletonUtils.js 1:0-146
Module not found: Error: Can't resolve 'three' in '/tmp/kavia/workspace/code-generation/3d-virtual-rubiks-challenge-1296-379bdfd8/3d_virtual_rubiks_challenge/node_modules/three-stdlib/utils'

ERROR in ./node_modules/three-stdlib/utils/UVsDebug.js 1:0-32
Module not found: Error: Can't resolve 'three' in '/tmp/kavia/workspace/code-generation/3d-virtual-rubiks-challenge-1296-379bdfd8/3d_virtual_rubiks_challenge/node_modules/three-stdlib/utils'

ERROR in ./node_modules/three-stdlib/webxr/OculusHandModel.js 12:0-47
Module not found: Error: Can't resolve 'three' in '/tmp/kavia/workspace/code-generation/3d-virtual-rubiks-challenge-1296-379bdfd8/3d_virtual_rubiks_challenge/node_modules/three-stdlib/webxr'

ERROR in ./node_modules/three-stdlib/webxr/OculusHandPointerModel.js 1:0-31
Module not found: Error: Can't resolve 'three' in '/tmp/kavia/workspace/code-generation/3d-virtual-rubiks-challenge-1296-379bdfd8/3d_virtual_rubiks_challenge/node_modules/three-stdlib/webxr'

ERROR in ./node_modules/three-stdlib/webxr/Text2D.js 1:0-31
Module not found: Error: Can't resolve 'three' in '/tmp/kavia/workspace/code-generation/3d-virtual-rubiks-challenge-1296-379bdfd8/3d_virtual_rubiks_challenge/node_modules/three-stdlib/webxr'

ERROR in ./node_modules/three-stdlib/webxr/XRControllerModelFactory.js 12:0-74
Module not found: Error: Can't resolve 'three' in '/tmp/kavia/workspace/code-generation/3d-virtual-rubiks-challenge-1296-379bdfd8/3d_virtual_rubiks_challenge/node_modules/three-stdlib/webxr'

ERROR in ./node_modules/three-stdlib/webxr/XREstimatedLight.js 1:0-83
Module not found: Error: Can't resolve 'three' in '/tmp/kavia/workspace/code-generation/3d-virtual-rubiks-challenge-1296-379bdfd8/3d_virtual_rubiks_challenge/node_modules/three-stdlib/webxr'

ERROR in ./node_modules/three-stdlib/webxr/XRHandModelFactory.js 1:0-33
Module not found: Error: Can't resolve 'three' in '/tmp/kavia/workspace/code-generation/3d-virtual-rubiks-challenge-1296-379bdfd8/3d_virtual_rubiks_challenge/node_modules/three-stdlib/webxr'

ERROR in ./node_modules/three-stdlib/webxr/XRHandPrimitiveModel.js 1:0-125
Module not found: Error: Can't resolve 'three' in '/tmp/kavia/workspace/code-generation/3d-virtual-rubiks-challenge-1296-379bdfd8/3d_virtual_rubiks_challenge/node_modules/three-stdlib/webxr'

webpack compiled with 470 errors and 1 warning
Compiling...
Failed to compile.

Module not found: Error: Can't resolve '@react-three/fiber' in '/tmp/kavia/workspace/code-generation/3d-virtual-rubiks-challenge-1296-379bdfd8/3d_virtual_rubiks_challenge/node_modules/@react-spring/three/dist'
LOG from webpack.FileSystemInfo
<w> Managed item /tmp/kavia/workspace/code-generation/3d-virtual-rubiks-challenge-1296-379bdfd8/3d_virtual_rubiks_challenge/node_modules/zustand isn't a directory or doesn't contain a package.json (see snapshot.managedPaths option)
<w> Managed item /tmp/kavia/workspace/code-generation/3d-virtual-rubiks-challenge-1296-379bdfd8/3d_virtual_rubiks_challenge/node_modules/react-reconciler isn't a directory or doesn't contain a package.json (see snapshot.managedPaths option)
<w> Managed item /tmp/kavia/workspace/code-generation/3d-virtual-rubiks-challenge-1296-379bdfd8/3d_virtual_rubiks_challenge/node_modules/@react-three/fiber isn't a directory or doesn't contain a package.json (see snapshot.managedPaths option)
<w> Managed item /tmp/kavia/workspace/code-generation/3d-virtual-rubiks-challenge-1296-379bdfd8/3d_virtual_rubiks_challenge/node_modules/suspend-react isn't a directory or doesn't contain a package.json (see snapshot.managedPaths option)
<w> Managed item /tmp/kavia/workspace/code-generation/3d-virtual-rubiks-challenge-1296-379bdfd8/3d_virtual_rubiks_challenge/node_modules/react-use-measure isn't a directory or doesn't contain a package.json (see snapshot.managedPaths option)
<w> Managed item /tmp/kavia/workspace/code-generation/3d-virtual-rubiks-challenge-1296-379bdfd8/3d_virtual_rubiks_challenge/node_modules/its-fine isn't a directory or doesn't contain a package.json (see snapshot.managedPaths option)
+ 53 hidden lines

WARNING in ./node_modules/@mediapipe/tasks-vision/vision_bundle.mjs
Module Warning (from ./node_modules/source-map-loader/dist/cjs.js):
Failed to parse source map from '/tmp/kavia/workspace/code-generation/3d-virtual-rubiks-challenge-1296-379bdfd8/3d_virtual_rubiks_challenge/node_modules/@mediapipe/tasks-vision/vision_bundle_mjs.js.map' file: Error: ENOENT: no such file or directory, open '/tmp/kavia/workspace/code-generation/3d-virtual-rubiks-challenge-1296-379bdfd8/3d_virtual_rubiks_challenge/node_modules/@mediapipe/tasks-vision/vision_bundle_mjs.js.map'

ERROR in ./node_modules/@react-spring/three/dist/react-spring-three.esm.js 1:0-59
Module not found: Error: Can't resolve '@react-three/fiber' in '/tmp/kavia/workspace/code-generation/3d-virtual-rubiks-challenge-1296-379bdfd8/3d_virtual_rubiks_challenge/node_modules/@react-spring/three/dist'

ERROR in ./node_modules/@react-three/drei/core/AccumulativeShadows.js 4:0-64
Module not found: Error: Can't resolve '@react-three/fiber' in '/tmp/kavia/workspace/code-generation/3d-virtual-rubiks-challenge-1296-379bdfd8/3d_virtual_rubiks_challenge/node_modules/@react-three/drei/core'

ERROR in ./node_modules/@react-three/drei/core/AdaptiveDpr.js 2:0-46
Module not found: Error: Can't resolve '@react-three/fiber' in '/tmp/kavia/workspace/code-generation/3d-virtual-rubiks-challenge-1296-379bdfd8/3d_virtual_rubiks_challenge/node_modules/@react-three/drei/core'

ERROR in ./node_modules/@react-three/drei/core/AdaptiveEvents.js 2:0-46
Module not found: Error: Can't resolve '@react-three/fiber' in '/tmp/kavia/workspace/code-generation/3d-virtual-rubiks-challenge-1296-379bdfd8/3d_virtual_rubiks_challenge/node_modules/@react-three/drei/core'

ERROR in ./node_modules/@react-three/drei/core/ArcballControls.js 2:0-56
Module not found: Error: Can't resolve '@react-three/fiber' in '/tmp/kavia/workspace/code-generation/3d-virtual-rubiks-challenge-1296-379bdfd8/3d_virtual_rubiks_challenge/node_modules/@react-three/drei/core'

ERROR in ./node_modules/@react-three/drei/core/AsciiRenderer.js 2:0-56
Module not found: Error: Can't resolve '@react-three/fiber' in '/tmp/kavia/workspace/code-generation/3d-virtual-rubiks-challenge-1296-379bdfd8/3d_virtual_rubiks_challenge/node_modules/@react-three/drei/core'

ERROR in ./node_modules/@react-three/drei/core/BBAnchor.js 4:0-46
Module not found: Error: Can't resolve '@react-three/fiber' in '/tmp/kavia/workspace/code-generation/3d-virtual-rubiks-challenge-1296-379bdfd8/3d_virtual_rubiks_challenge/node_modules/@react-three/drei/core'

ERROR in ./node_modules/@react-three/drei/core/BakeShadows.js 2:0-46
Module not found: Error: Can't resolve '@react-three/fiber' in '/tmp/kavia/workspace/code-generation/3d-virtual-rubiks-challenge-1296-379bdfd8/3d_virtual_rubiks_challenge/node_modules/@react-three/drei/core'

ERROR in ./node_modules/@react-three/drei/core/Billboard.js 3:0-46
Module not found: Error: Can't resolve '@react-three/fiber' in '/tmp/kavia/workspace/code-generation/3d-virtual-rubiks-challenge-1296-379bdfd8/3d_virtual_rubiks_challenge/node_modules/@react-three/drei/core'

ERROR in ./node_modules/@react-three/drei/core/Bounds.js 3:0-56
Module not found: Error: Can't resolve '@react-three/fiber' in '/tmp/kavia/workspace/code-generation/3d-virtual-rubiks-challenge-1296-379bdfd8/3d_virtual_rubiks_challenge/node_modules/@react-three/drei/core'

ERROR in ./node_modules/@react-three/drei/core/CameraControls.js 5:0-64
Module not found: Error: Can't resolve '@react-three/fiber' in '/tmp/kavia/workspace/code-generation/3d-virtual-rubiks-challenge-1296-379bdfd8/3d_virtual_rubiks_challenge/node_modules/@react-three/drei/core'

ERROR in ./node_modules/@react-three/drei/core/CameraShake.js 2:0-56
Module not found: Error: Can't resolve '@react-three/fiber' in '/tmp/kavia/workspace/code-generation/3d-virtual-rubiks-challenge-1296-379bdfd8/3d_virtual_rubiks_challenge/node_modules/@react-three/drei/core'

ERROR in ./node_modules/@react-three/drei/core/Caustics.js 4:0-64
Module not found: Error: Can't resolve '@react-three/fiber' in '/tmp/kavia/workspace/code-generation/3d-virtual-rubiks-challenge-1296-379bdfd8/3d_virtual_rubiks_challenge/node_modules/@react-three/drei/core'

ERROR in ./node_modules/@react-three/drei/core/Cloud.js 2:0-46
Module not found: Error: Can't resolve '@react-three/fiber' in '/tmp/kavia/workspace/code-generation/3d-virtual-rubiks-challenge-1296-379bdfd8/3d_virtual_rubiks_challenge/node_modules/@react-three/drei/core'

ERROR in ./node_modules/@react-three/drei/core/ContactShadows.js 4:0-56
Module not found: Error: Can't resolve '@react-three/fiber' in '/tmp/kavia/workspace/code-generation/3d-virtual-rubiks-challenge-1296-379bdfd8/3d_virtual_rubiks_challenge/node_modules/@react-three/drei/core'

ERROR in ./node_modules/@react-three/drei/core/CubeCamera.js 2:0-46
Module not found: Error: Can't resolve '@react-three/fiber' in '/tmp/kavia/workspace/code-generation/3d-virtual-rubiks-challenge-1296-379bdfd8/3d_virtual_rubiks_challenge/node_modules/@react-three/drei/core'

ERROR in ./node_modules/@react-three/drei/core/CurveModifier.js 3:0-50
Module not found: Error: Can't resolve '@react-three/fiber' in '/tmp/kavia/workspace/code-generation/3d-virtual-rubiks-challenge-1296-379bdfd8/3d_virtual_rubiks_challenge/node_modules/@react-three/drei/core'

ERROR in ./node_modules/@react-three/drei/core/Decal.js 4:0-48
Module not found: Error: Can't resolve '@react-three/fiber' in '/tmp/kavia/workspace/code-generation/3d-virtual-rubiks-challenge-1296-379bdfd8/3d_virtual_rubiks_challenge/node_modules/@react-three/drei/core'

ERROR in ./node_modules/@react-three/drei/core/Detailed.js 3:0-46
Module not found: Error: Can't resolve '@react-three/fiber' in '/tmp/kavia/workspace/code-generation/3d-virtual-rubiks-challenge-1296-379bdfd8/3d_virtual_rubiks_challenge/node_modules/@react-three/drei/core'

ERROR in ./node_modules/@react-three/drei/core/DeviceOrientationControls.js 2:0-56
Module not found: Error: Can't resolve '@react-three/fiber' in '/tmp/kavia/workspace/code-generation/3d-virtual-rubiks-challenge-1296-379bdfd8/3d_virtual_rubiks_challenge/node_modules/@react-three/drei/core'

ERROR in ./node_modules/@react-three/drei/core/Effects.js 4:0-64
Module not found: Error: Can't resolve '@react-three/fiber' in '/tmp/kavia/workspace/code-generation/3d-virtual-rubiks-challenge-1296-379bdfd8/3d_virtual_rubiks_challenge/node_modules/@react-three/drei/core'

ERROR in ./node_modules/@react-three/drei/core/Environment.js 3:0-78
Module not found: Error: Can't resolve '@react-three/fiber' in '/tmp/kavia/workspace/code-generation/3d-virtual-rubiks-challenge-1296-379bdfd8/3d_virtual_rubiks_challenge/node_modules/@react-three/drei/core'

ERROR in ./node_modules/@react-three/drei/core/FaceControls.js 5:0-56
Module not found: Error: Can't resolve '@react-three/fiber' in '/tmp/kavia/workspace/code-generation/3d-virtual-rubiks-challenge-1296-379bdfd8/3d_virtual_rubiks_challenge/node_modules/@react-three/drei/core'

ERROR in ./node_modules/@react-three/drei/core/FaceControls.js 7:0-47
Module not found: Error: Can't resolve 'suspend-react' in '/tmp/kavia/workspace/code-generation/3d-virtual-rubiks-challenge-1296-379bdfd8/3d_virtual_rubiks_challenge/node_modules/@react-three/drei/core'

ERROR in ./node_modules/@react-three/drei/core/FaceLandmarker.js 4:0-47
Module not found: Error: Can't resolve 'suspend-react' in '/tmp/kavia/workspace/code-generation/3d-virtual-rubiks-challenge-1296-379bdfd8/3d_virtual_rubiks_challenge/node_modules/@react-three/drei/core'

ERROR in ./node_modules/@react-three/drei/core/Facemesh.js 3:0-46
Module not found: Error: Can't resolve '@react-three/fiber' in '/tmp/kavia/workspace/code-generation/3d-virtual-rubiks-challenge-1296-379bdfd8/3d_virtual_rubiks_challenge/node_modules/@react-three/drei/core'

ERROR in ./node_modules/@react-three/drei/core/FirstPersonControls.js 3:0-56
Module not found: Error: Can't resolve '@react-three/fiber' in '/tmp/kavia/workspace/code-generation/3d-virtual-rubiks-challenge-1296-379bdfd8/3d_virtual_rubiks_challenge/node_modules/@react-three/drei/core'

ERROR in ./node_modules/@react-three/drei/core/Float.js 2:0-46
Module not found: Error: Can't resolve '@react-three/fiber' in '/tmp/kavia/workspace/code-generation/3d-virtual-rubiks-challenge-1296-379bdfd8/3d_virtual_rubiks_challenge/node_modules/@react-three/drei/core'

ERROR in ./node_modules/@react-three/drei/core/FlyControls.js 2:0-56
Module not found: Error: Can't resolve '@react-three/fiber' in '/tmp/kavia/workspace/code-generation/3d-virtual-rubiks-challenge-1296-379bdfd8/3d_virtual_rubiks_challenge/node_modules/@react-three/drei/core'

ERROR in ./node_modules/@react-three/drei/core/GizmoHelper.js 2:0-56
Module not found: Error: Can't resolve '@react-three/fiber' in '/tmp/kavia/workspace/code-generation/3d-virtual-rubiks-challenge-1296-379bdfd8/3d_virtual_rubiks_challenge/node_modules/@react-three/drei/core'

ERROR in ./node_modules/@react-three/drei/core/GizmoViewcube.js 3:0-46
Module not found: Error: Can't resolve '@react-three/fiber' in '/tmp/kavia/workspace/code-generation/3d-virtual-rubiks-challenge-1296-379bdfd8/3d_virtual_rubiks_challenge/node_modules/@react-three/drei/core'

ERROR in ./node_modules/@react-three/drei/core/GizmoViewport.js 3:0-46
Module not found: Error: Can't resolve '@react-three/fiber' in '/tmp/kavia/workspace/code-generation/3d-virtual-rubiks-challenge-1296-379bdfd8/3d_virtual_rubiks_challenge/node_modules/@react-three/drei/core'

ERROR in ./node_modules/@react-three/drei/core/GradientTexture.js 3:0-46
Module not found: Error: Can't resolve '@react-three/fiber' in '/tmp/kavia/workspace/code-generation/3d-virtual-rubiks-challenge-1296-379bdfd8/3d_virtual_rubiks_challenge/node_modules/@react-three/drei/core'

ERROR in ./node_modules/@react-three/drei/core/Grid.js 5:0-54
Module not found: Error: Can't resolve '@react-three/fiber' in '/tmp/kavia/workspace/code-generation/3d-virtual-rubiks-challenge-1296-379bdfd8/3d_virtual_rubiks_challenge/node_modules/@react-three/drei/core'

ERROR in ./node_modules/@react-three/drei/core/Hud.js 3:0-70
Module not found: Error: Can't resolve '@react-three/fiber' in '/tmp/kavia/workspace/code-generation/3d-virtual-rubiks-challenge-1296-379bdfd8/3d_virtual_rubiks_challenge/node_modules/@react-three/drei/core'

ERROR in ./node_modules/@react-three/drei/core/Image.js 4:0-44
Module not found: Error: Can't resolve '@react-three/fiber' in '/tmp/kavia/workspace/code-generation/3d-virtual-rubiks-challenge-1296-379bdfd8/3d_virtual_rubiks_challenge/node_modules/@react-three/drei/core'

ERROR in ./node_modules/@react-three/drei/core/Instances.js 4:0-54
Module not found: Error: Can't resolve '@react-three/fiber' in '/tmp/kavia/workspace/code-generation/3d-virtual-rubiks-challenge-1296-379bdfd8/3d_virtual_rubiks_challenge/node_modules/@react-three/drei/core'

ERROR in ./node_modules/@react-three/drei/core/Lightformer.js 2:0-48
Module not found: Error: Can't resolve '@react-three/fiber' in '/tmp/kavia/workspace/code-generation/3d-virtual-rubiks-challenge-1296-379bdfd8/3d_virtual_rubiks_challenge/node_modules/@react-three/drei/core'

ERROR in ./node_modules/@react-three/drei/core/Line.js 4:0-46
Module not found: Error: Can't resolve '@react-three/fiber' in '/tmp/kavia/workspace/code-generation/3d-virtual-rubiks-challenge-1296-379bdfd8/3d_virtual_rubiks_challenge/node_modules/@react-three/drei/core'

ERROR in ./node_modules/@react-three/drei/core/MapControls.js 2:0-56
Module not found: Error: Can't resolve '@react-three/fiber' in '/tmp/kavia/workspace/code-generation/3d-virtual-rubiks-challenge-1296-379bdfd8/3d_virtual_rubiks_challenge/node_modules/@react-three/drei/core'

ERROR in ./node_modules/@react-three/drei/core/MarchingCubes.js 6:0-46
Module not found: Error: Can't resolve '@react-three/fiber' in '/tmp/kavia/workspace/code-generation/3d-virtual-rubiks-challenge-1296-379bdfd8/3d_virtual_rubiks_challenge/node_modules/@react-three/drei/core'

ERROR in ./node_modules/@react-three/drei/core/MeshDiscardMaterial.js 3:0-44
Module not found: Error: Can't resolve '@react-three/fiber' in '/tmp/kavia/workspace/code-generation/3d-virtual-rubiks-challenge-1296-379bdfd8/3d_virtual_rubiks_challenge/node_modules/@react-three/drei/core'

ERROR in ./node_modules/@react-three/drei/core/MeshDistortMaterial.js 4:0-46
Module not found: Error: Can't resolve '@react-three/fiber' in '/tmp/kavia/workspace/code-generation/3d-virtual-rubiks-challenge-1296-379bdfd8/3d_virtual_rubiks_challenge/node_modules/@react-three/drei/core'

ERROR in ./node_modules/@react-three/drei/core/MeshPortalMaterial.js 4:0-64
Module not found: Error: Can't resolve '@react-three/fiber' in '/tmp/kavia/workspace/code-generation/3d-virtual-rubiks-challenge-1296-379bdfd8/3d_virtual_rubiks_challenge/node_modules/@react-three/drei/core'

ERROR in ./node_modules/@react-three/drei/core/MeshReflectorMaterial.js 4:0-64
Module not found: Error: Can't resolve '@react-three/fiber' in '/tmp/kavia/workspace/code-generation/3d-virtual-rubiks-challenge-1296-379bdfd8/3d_virtual_rubiks_challenge/node_modules/@react-three/drei/core'

ERROR in ./node_modules/@react-three/drei/core/MeshRefractionMaterial.js 4:0-64
Module not found: Error: Can't resolve '@react-three/fiber' in '/tmp/kavia/workspace/code-generation/3d-virtual-rubiks-challenge-1296-379bdfd8/3d_virtual_rubiks_challenge/node_modules/@react-three/drei/core'

ERROR in ./node_modules/@react-three/drei/core/MeshTransmissionMaterial.js 4:0-54
Module not found: Error: Can't resolve '@react-three/fiber' in '/tmp/kavia/workspace/code-generation/3d-virtual-rubiks-challenge-1296-379bdfd8/3d_virtual_rubiks_challenge/node_modules/@react-three/drei/core'

ERROR in ./node_modules/@react-three/drei/core/MeshWobbleMaterial.js 4:0-46
Module not found: Error: Can't resolve '@react-three/fiber' in '/tmp/kavia/workspace/code-generation/3d-virtual-rubiks-challenge-1296-379bdfd8/3d_virtual_rubiks_challenge/node_modules/@react-three/drei/core'

ERROR in ./node_modules/@react-three/drei/core/OrbitControls.js 2:0-56
Module not found: Error: Can't resolve '@react-three/fiber' in '/tmp/kavia/workspace/code-generation/3d-virtual-rubiks-challenge-1296-379bdfd8/3d_virtual_rubiks_challenge/node_modules/@react-three/drei/core'

ERROR in ./node_modules/@react-three/drei/core/OrthographicCamera.js 3:0-56
Module not found: Error: Can't resolve '@react-three/fiber' in '/tmp/kavia/workspace/code-generation/3d-virtual-rubiks-challenge-1296-379bdfd8/3d_virtual_rubiks_challenge/node_modules/@react-three/drei/core'

ERROR in ./node_modules/@react-three/drei/core/PerformanceMonitor.js 3:0-46
Module not found: Error: Can't resolve '@react-three/fiber' in '/tmp/kavia/workspace/code-generation/3d-virtual-rubiks-challenge-1296-379bdfd8/3d_virtual_rubiks_challenge/node_modules/@react-three/drei/core'

ERROR in ./node_modules/@react-three/drei/core/PerspectiveCamera.js 3:0-56
Module not found: Error: Can't resolve '@react-three/fiber' in '/tmp/kavia/workspace/code-generation/3d-virtual-rubiks-challenge-1296-379bdfd8/3d_virtual_rubiks_challenge/node_modules/@react-three/drei/core'

ERROR in ./node_modules/@react-three/drei/core/PointerLockControls.js 2:0-46
Module not found: Error: Can't resolve '@react-three/fiber' in '/tmp/kavia/workspace/code-generation/3d-virtual-rubiks-challenge-1296-379bdfd8/3d_virtual_rubiks_challenge/node_modules/@react-three/drei/core'

ERROR in ./node_modules/@react-three/drei/core/Points.js 4:0-54
Module not found: Error: Can't resolve '@react-three/fiber' in '/tmp/kavia/workspace/code-generation/3d-virtual-rubiks-challenge-1296-379bdfd8/3d_virtual_rubiks_challenge/node_modules/@react-three/drei/core'

ERROR in ./node_modules/@react-three/drei/core/PositionalAudio.js 4:0-57
Module not found: Error: Can't resolve '@react-three/fiber' in '/tmp/kavia/workspace/code-generation/3d-virtual-rubiks-challenge-1296-379bdfd8/3d_virtual_rubiks_challenge/node_modules/@react-three/drei/core'

ERROR in ./node_modules/@react-three/drei/core/Preload.js 3:0-46
Module not found: Error: Can't resolve '@react-three/fiber' in '/tmp/kavia/workspace/code-generation/3d-virtual-rubiks-challenge-1296-379bdfd8/3d_virtual_rubiks_challenge/node_modules/@react-three/drei/core'

ERROR in ./node_modules/@react-three/drei/core/Reflector.js 4:0-64
Module not found: Error: Can't resolve '@react-three/fiber' in '/tmp/kavia/workspace/code-generation/3d-virtual-rubiks-challenge-1296-379bdfd8/3d_virtual_rubiks_challenge/node_modules/@react-three/drei/core'

ERROR in ./node_modules/@react-three/drei/core/RenderTexture.js 4:0-70
Module not found: Error: Can't resolve '@react-three/fiber' in '/tmp/kavia/workspace/code-generation/3d-virtual-rubiks-challenge-1296-379bdfd8/3d_virtual_rubiks_challenge/node_modules/@react-three/drei/core'

ERROR in ./node_modules/@react-three/drei/core/ScreenSpace.js 4:0-46
Module not found: Error: Can't resolve '@react-three/fiber' in '/tmp/kavia/workspace/code-generation/3d-virtual-rubiks-challenge-1296-379bdfd8/3d_virtual_rubiks_challenge/node_modules/@react-three/drei/core'

ERROR in ./node_modules/@react-three/drei/core/Segments.js 5:0-54
Module not found: Error: Can't resolve '@react-three/fiber' in '/tmp/kavia/workspace/code-generation/3d-virtual-rubiks-challenge-1296-379bdfd8/3d_virtual_rubiks_challenge/node_modules/@react-three/drei/core'

ERROR in ./node_modules/@react-three/drei/core/Sparkles.js 4:0-64
Module not found: Error: Can't resolve '@react-three/fiber' in '/tmp/kavia/workspace/code-generation/3d-virtual-rubiks-challenge-1296-379bdfd8/3d_virtual_rubiks_challenge/node_modules/@react-three/drei/core'

ERROR in ./node_modules/@react-three/drei/core/SpotLight.js 4:0-56
Module not found: Error: Can't resolve '@react-three/fiber' in '/tmp/kavia/workspace/code-generation/3d-virtual-rubiks-challenge-1296-379bdfd8/3d_virtual_rubiks_challenge/node_modules/@react-three/drei/core'

ERROR in ./node_modules/@react-three/drei/core/SpriteAnimator.js 2:0-56
Module not found: Error: Can't resolve '@react-three/fiber' in '/tmp/kavia/workspace/code-generation/3d-virtual-rubiks-challenge-1296-379bdfd8/3d_virtual_rubiks_challenge/node_modules/@react-three/drei/core'

ERROR in ./node_modules/@react-three/drei/core/Stars.js 4:0-46
Module not found: Error: Can't resolve '@react-three/fiber' in '/tmp/kavia/workspace/code-generation/3d-virtual-rubiks-challenge-1296-379bdfd8/3d_virtual_rubiks_challenge/node_modules/@react-three/drei/core'

ERROR in ./node_modules/@react-three/drei/core/Stats.js 2:0-63
Module not found: Error: Can't resolve '@react-three/fiber' in '/tmp/kavia/workspace/code-generation/3d-virtual-rubiks-challenge-1296-379bdfd8/3d_virtual_rubiks_challenge/node_modules/@react-three/drei/core'

ERROR in ./node_modules/@react-three/drei/core/StatsGl.js 2:0-73
Module not found: Error: Can't resolve '@react-three/fiber' in '/tmp/kavia/workspace/code-generation/3d-virtual-rubiks-challenge-1296-379bdfd8/3d_virtual_rubiks_challenge/node_modules/@react-three/drei/core'

ERROR in ./node_modules/@react-three/drei/core/Svg.js 2:0-47
Module not found: Error: Can't resolve '@react-three/fiber' in '/tmp/kavia/workspace/code-generation/3d-virtual-rubiks-challenge-1296-379bdfd8/3d_virtual_rubiks_challenge/node_modules/@react-three/drei/core'

ERROR in ./node_modules/@react-three/drei/core/Text.js 4:0-46
Module not found: Error: Can't resolve '@react-three/fiber' in '/tmp/kavia/workspace/code-generation/3d-virtual-rubiks-challenge-1296-379bdfd8/3d_virtual_rubiks_challenge/node_modules/@react-three/drei/core'

ERROR in ./node_modules/@react-three/drei/core/Text.js 5:0-40
Module not found: Error: Can't resolve 'suspend-react' in '/tmp/kavia/workspace/code-generation/3d-virtual-rubiks-challenge-1296-379bdfd8/3d_virtual_rubiks_challenge/node_modules/@react-three/drei/core'

ERROR in ./node_modules/@react-three/drei/core/Text3D.js 4:0-44
Module not found: Error: Can't resolve '@react-three/fiber' in '/tmp/kavia/workspace/code-generation/3d-virtual-rubiks-challenge-1296-379bdfd8/3d_virtual_rubiks_challenge/node_modules/@react-three/drei/core'

ERROR in ./node_modules/@react-three/drei/core/TrackballControls.js 2:0-56
Module not found: Error: Can't resolve '@react-three/fiber' in '/tmp/kavia/workspace/code-generation/3d-virtual-rubiks-challenge-1296-379bdfd8/3d_virtual_rubiks_challenge/node_modules/@react-three/drei/core'

ERROR in ./node_modules/@react-three/drei/core/Trail.js 1:0-70
Module not found: Error: Can't resolve '@react-three/fiber' in '/tmp/kavia/workspace/code-generation/3d-virtual-rubiks-challenge-1296-379bdfd8/3d_virtual_rubiks_challenge/node_modules/@react-three/drei/core'

ERROR in ./node_modules/@react-three/drei/core/TransformControls.js 2:0-46
Module not found: Error: Can't resolve '@react-three/fiber' in '/tmp/kavia/workspace/code-generation/3d-virtual-rubiks-challenge-1296-379bdfd8/3d_virtual_rubiks_challenge/node_modules/@react-three/drei/core'

ERROR in ./node_modules/@react-three/drei/core/Wireframe.js 4:0-44
Module not found: Error: Can't resolve '@react-three/fiber' in '/tmp/kavia/workspace/code-generation/3d-virtual-rubiks-challenge-1296-379bdfd8/3d_virtual_rubiks_challenge/node_modules/@react-three/drei/core'

ERROR in ./node_modules/@react-three/drei/core/softShadows.js 3:0-46
Module not found: Error: Can't resolve '@react-three/fiber' in '/tmp/kavia/workspace/code-generation/3d-virtual-rubiks-challenge-1296-379bdfd8/3d_virtual_rubiks_challenge/node_modules/@react-three/drei/core'

ERROR in ./node_modules/@react-three/drei/core/useAnimations.js 3:0-46
Module not found: Error: Can't resolve '@react-three/fiber' in '/tmp/kavia/workspace/code-generation/3d-virtual-rubiks-challenge-1296-379bdfd8/3d_virtual_rubiks_challenge/node_modules/@react-three/drei/core'

ERROR in ./node_modules/@react-three/drei/core/useAspect.js 1:0-46
Module not found: Error: Can't resolve '@react-three/fiber' in '/tmp/kavia/workspace/code-generation/3d-virtual-rubiks-challenge-1296-379bdfd8/3d_virtual_rubiks_challenge/node_modules/@react-three/drei/core'

ERROR in ./node_modules/@react-three/drei/core/useBVH.js 2:0-46
Module not found: Error: Can't resolve '@react-three/fiber' in '/tmp/kavia/workspace/code-generation/3d-virtual-rubiks-challenge-1296-379bdfd8/3d_virtual_rubiks_challenge/node_modules/@react-three/drei/core'

ERROR in ./node_modules/@react-three/drei/core/useBoxProjectedEnv.js 3:0-48
Module not found: Error: Can't resolve '@react-three/fiber' in '/tmp/kavia/workspace/code-generation/3d-virtual-rubiks-challenge-1296-379bdfd8/3d_virtual_rubiks_challenge/node_modules/@react-three/drei/core'

ERROR in ./node_modules/@react-three/drei/core/useCamera.js 3:0-58
Module not found: Error: Can't resolve '@react-three/fiber' in '/tmp/kavia/workspace/code-generation/3d-virtual-rubiks-challenge-1296-379bdfd8/3d_virtual_rubiks_challenge/node_modules/@react-three/drei/core'

ERROR in ./node_modules/@react-three/drei/core/useCubeCamera.js 5:0-46
Module not found: Error: Can't resolve '@react-three/fiber' in '/tmp/kavia/workspace/code-generation/3d-virtual-rubiks-challenge-1296-379bdfd8/3d_virtual_rubiks_challenge/node_modules/@react-three/drei/core'

ERROR in ./node_modules/@react-three/drei/core/useCubeTexture.js 2:0-47
Module not found: Error: Can't resolve '@react-three/fiber' in '/tmp/kavia/workspace/code-generation/3d-virtual-rubiks-challenge-1296-379bdfd8/3d_virtual_rubiks_challenge/node_modules/@react-three/drei/core'

ERROR in ./node_modules/@react-three/drei/core/useDepthBuffer.js 3:0-56
Module not found: Error: Can't resolve '@react-three/fiber' in '/tmp/kavia/workspace/code-generation/3d-virtual-rubiks-challenge-1296-379bdfd8/3d_virtual_rubiks_challenge/node_modules/@react-three/drei/core'

ERROR in ./node_modules/@react-three/drei/core/useDetectGPU.js 2:0-40
Module not found: Error: Can't resolve 'suspend-react' in '/tmp/kavia/workspace/code-generation/3d-virtual-rubiks-challenge-1296-379bdfd8/3d_virtual_rubiks_challenge/node_modules/@react-three/drei/core'

ERROR in ./node_modules/@react-three/drei/core/useEnvironment.js 1:0-47
Module not found: Error: Can't resolve '@react-three/fiber' in '/tmp/kavia/workspace/code-generation/3d-virtual-rubiks-challenge-1296-379bdfd8/3d_virtual_rubiks_challenge/node_modules/@react-three/drei/core'

ERROR in ./node_modules/@react-three/drei/core/useFBO.js 3:0-46
Module not found: Error: Can't resolve '@react-three/fiber' in '/tmp/kavia/workspace/code-generation/3d-virtual-rubiks-challenge-1296-379bdfd8/3d_virtual_rubiks_challenge/node_modules/@react-three/drei/core'

ERROR in ./node_modules/@react-three/drei/core/useFBX.js 2:0-47
Module not found: Error: Can't resolve '@react-three/fiber' in '/tmp/kavia/workspace/code-generation/3d-virtual-rubiks-challenge-1296-379bdfd8/3d_virtual_rubiks_challenge/node_modules/@react-three/drei/core'

ERROR in ./node_modules/@react-three/drei/core/useFont.js 2:0-56
Module not found: Error: Can't resolve 'suspend-react' in '/tmp/kavia/workspace/code-generation/3d-virtual-rubiks-challenge-1296-379bdfd8/3d_virtual_rubiks_challenge/node_modules/@react-three/drei/core'

ERROR in ./node_modules/@react-three/drei/core/useGLTF.js 2:0-47
Module not found: Error: Can't resolve '@react-three/fiber' in '/tmp/kavia/workspace/code-generation/3d-virtual-rubiks-challenge-1296-379bdfd8/3d_virtual_rubiks_challenge/node_modules/@react-three/drei/core'

ERROR in ./node_modules/@react-three/drei/core/useHelper.js 2:0-56
Module not found: Error: Can't resolve '@react-three/fiber' in '/tmp/kavia/workspace/code-generation/3d-virtual-rubiks-challenge-1296-379bdfd8/3d_virtual_rubiks_challenge/node_modules/@react-three/drei/core'

ERROR in ./node_modules/@react-three/drei/core/useIntersect.js 2:0-63
Module not found: Error: Can't resolve '@react-three/fiber' in '/tmp/kavia/workspace/code-generation/3d-virtual-rubiks-challenge-1296-379bdfd8/3d_virtual_rubiks_challenge/node_modules/@react-three/drei/core'

ERROR in ./node_modules/@react-three/drei/core/useKTX2.js 1:0-57
Module not found: Error: Can't resolve '@react-three/fiber' in '/tmp/kavia/workspace/code-generation/3d-virtual-rubiks-challenge-1296-379bdfd8/3d_virtual_rubiks_challenge/node_modules/@react-three/drei/core'

ERROR in ./node_modules/@react-three/drei/core/useMatcapTexture.js 3:0-40
Module not found: Error: Can't resolve 'suspend-react' in '/tmp/kavia/workspace/code-generation/3d-virtual-rubiks-challenge-1296-379bdfd8/3d_virtual_rubiks_challenge/node_modules/@react-three/drei/core'

ERROR in ./node_modules/@react-three/drei/core/useNormalTexture.js 4:0-40
Module not found: Error: Can't resolve 'suspend-react' in '/tmp/kavia/workspace/code-generation/3d-virtual-rubiks-challenge-1296-379bdfd8/3d_virtual_rubiks_challenge/node_modules/@react-three/drei/core'

ERROR in ./node_modules/@react-three/drei/core/useTexture.js 2:0-57
Module not found: Error: Can't resolve '@react-three/fiber' in '/tmp/kavia/workspace/code-generation/3d-virtual-rubiks-challenge-1296-379bdfd8/3d_virtual_rubiks_challenge/node_modules/@react-three/drei/core'

ERROR in ./node_modules/@react-three/drei/core/useTrailTexture.js 2:0-46
Module not found: Error: Can't resolve '@react-three/fiber' in '/tmp/kavia/workspace/code-generation/3d-virtual-rubiks-challenge-1296-379bdfd8/3d_virtual_rubiks_challenge/node_modules/@react-three/drei/core'

ERROR in ./node_modules/@react-three/drei/core/useVideoTexture.js 3:0-46
Module not found: Error: Can't resolve '@react-three/fiber' in '/tmp/kavia/workspace/code-generation/3d-virtual-rubiks-challenge-1296-379bdfd8/3d_virtual_rubiks_challenge/node_modules/@react-three/drei/core'

ERROR in ./node_modules/@react-three/drei/core/useVideoTexture.js 4:0-40
Module not found: Error: Can't resolve 'suspend-react' in '/tmp/kavia/workspace/code-generation/3d-virtual-rubiks-challenge-1296-379bdfd8/3d_virtual_rubiks_challenge/node_modules/@react-three/drei/core'

ERROR in ./node_modules/@react-three/drei/materials/ConvolutionMaterial.js 2:0-50
Module not found: Error: Can't resolve '../helpers/constants.js' in '/tmp/kavia/workspace/code-generation/3d-virtual-rubiks-challenge-1296-379bdfd8/3d_virtual_rubiks_challenge/node_modules/@react-three/drei/materials'

ERROR in ./node_modules/@react-three/drei/web/CycleRaycast.js 2:0-46
Module not found: Error: Can't resolve '@react-three/fiber' in '/tmp/kavia/workspace/code-generation/3d-virtual-rubiks-challenge-1296-379bdfd8/3d_virtual_rubiks_challenge/node_modules/@react-three/drei/web'

ERROR in ./node_modules/@react-three/drei/web/Html.js 5:0-56
Module not found: Error: Can't resolve '@react-three/fiber' in '/tmp/kavia/workspace/code-generation/3d-virtual-rubiks-challenge-1296-379bdfd8/3d_virtual_rubiks_challenge/node_modules/@react-three/drei/web'

ERROR in ./node_modules/@react-three/drei/web/PresentationControls.js 4:0-46
Module not found: Error: Can't resolve '@react-three/fiber' in '/tmp/kavia/workspace/code-generation/3d-virtual-rubiks-challenge-1296-379bdfd8/3d_virtual_rubiks_challenge/node_modules/@react-three/drei/web'

ERROR in ./node_modules/@react-three/drei/web/ScrollControls.js 4:0-78
Module not found: Error: Can't resolve '@react-three/fiber' in '/tmp/kavia/workspace/code-generation/3d-virtual-rubiks-challenge-1296-379bdfd8/3d_virtual_rubiks_challenge/node_modules/@react-three/drei/web'

ERROR in ./node_modules/@react-three/drei/web/Select.js 5:0-46
Module not found: Error: Can't resolve '@react-three/fiber' in '/tmp/kavia/workspace/code-generation/3d-virtual-rubiks-challenge-1296-379bdfd8/3d_virtual_rubiks_challenge/node_modules/@react-three/drei/web'

ERROR in ./node_modules/@react-three/drei/web/View.js 3:0-70
Module not found: Error: Can't resolve '@react-three/fiber' in '/tmp/kavia/workspace/code-generation/3d-virtual-rubiks-challenge-1296-379bdfd8/3d_virtual_rubiks_challenge/node_modules/@react-three/drei/web'

ERROR in ./node_modules/@react-three/drei/web/pivotControls/AxisArrow.js 3:0-46
Module not found: Error: Can't resolve '@react-three/fiber' in '/tmp/kavia/workspace/code-generation/3d-virtual-rubiks-challenge-1296-379bdfd8/3d_virtual_rubiks_challenge/node_modules/@react-three/drei/web/pivotControls'

ERROR in ./node_modules/@react-three/drei/web/pivotControls/AxisRotator.js 3:0-46
Module not found: Error: Can't resolve '@react-three/fiber' in '/tmp/kavia/workspace/code-generation/3d-virtual-rubiks-challenge-1296-379bdfd8/3d_virtual_rubiks_challenge/node_modules/@react-three/drei/web/pivotControls'

ERROR in ./node_modules/@react-three/drei/web/pivotControls/PlaneSlider.js 3:0-46
Module not found: Error: Can't resolve '@react-three/fiber' in '/tmp/kavia/workspace/code-generation/3d-virtual-rubiks-challenge-1296-379bdfd8/3d_virtual_rubiks_challenge/node_modules/@react-three/drei/web/pivotControls'

ERROR in ./node_modules/@react-three/drei/web/pivotControls/index.js 4:0-56
Module not found: Error: Can't resolve '@react-three/fiber' in '/tmp/kavia/workspace/code-generation/3d-virtual-rubiks-challenge-1296-379bdfd8/3d_virtual_rubiks_challenge/node_modules/@react-three/drei/web/pivotControls'

ERROR in ./node_modules/@react-three/fiber/dist/index-27578f8f.esm.js 3:0-130
Module not found: Error: Can't resolve 'react-reconciler/constants' in '/tmp/kavia/workspace/code-generation/3d-virtual-rubiks-challenge-1296-379bdfd8/3d_virtual_rubiks_challenge/node_modules/@react-three/fiber/dist'

ERROR in ./node_modules/@react-three/fiber/dist/index-27578f8f.esm.js 5:0-42
Module not found: Error: Can't resolve 'react-reconciler' in '/tmp/kavia/workspace/code-generation/3d-virtual-rubiks-challenge-1296-379bdfd8/3d_virtual_rubiks_challenge/node_modules/@react-three/fiber/dist'

ERROR in ./node_modules/@react-three/fiber/dist/index-27578f8f.esm.js 7:0-56
Module not found: Error: Can't resolve 'suspend-react' in '/tmp/kavia/workspace/code-generation/3d-virtual-rubiks-challenge-1296-379bdfd8/3d_virtual_rubiks_challenge/node_modules/@react-three/fiber/dist'

ERROR in ./node_modules/@react-three/fiber/dist/react-three-fiber.esm.js 6:0-43
Module not found: Error: Can't resolve 'react-use-measure' in '/tmp/kavia/workspace/code-generation/3d-virtual-rubiks-challenge-1296-379bdfd8/3d_virtual_rubiks_challenge/node_modules/@react-three/fiber/dist'

ERROR in ./node_modules/@react-three/fiber/dist/react-three-fiber.esm.js 7:0-59
Module not found: Error: Can't resolve 'its-fine' in '/tmp/kavia/workspace/code-generation/3d-virtual-rubiks-challenge-1296-379bdfd8/3d_virtual_rubiks_challenge/node_modules/@react-three/fiber/dist'

ERROR in ./node_modules/@react-three/fiber/dist/react-three-fiber.esm.js 8:0-36
Module not found: Error: Can't resolve 'react-reconciler/constants' in '/tmp/kavia/workspace/code-generation/3d-virtual-rubiks-challenge-1296-379bdfd8/3d_virtual_rubiks_challenge/node_modules/@react-three/fiber/dist'

ERROR in ./node_modules/@react-three/fiber/dist/react-three-fiber.esm.js 10:0-26
Module not found: Error: Can't resolve 'react-reconciler' in '/tmp/kavia/workspace/code-generation/3d-virtual-rubiks-challenge-1296-379bdfd8/3d_virtual_rubiks_challenge/node_modules/@react-three/fiber/dist'

ERROR in ./node_modules/@react-three/fiber/dist/react-three-fiber.esm.js 12:0-23
Module not found: Error: Can't resolve 'suspend-react' in '/tmp/kavia/workspace/code-generation/3d-virtual-rubiks-challenge-1296-379bdfd8/3d_virtual_rubiks_challenge/node_modules/@react-three/fiber/dist'

ERROR in ./node_modules/stats-gl/dist/main.js 206:15-20
export 'default' (imported as 'Panel') was not found in './panel.js' (possible exports: Panel)

ERROR in ./node_modules/three-mesh-bvh/src/core/build/buildTree.js 8:0-61
Module not found: Error: Can't resolve './buildUtils.js' in '/tmp/kavia/workspace/code-generation/3d-virtual-rubiks-challenge-1296-379bdfd8/3d_virtual_rubiks_challenge/node_modules/three-mesh-bvh/src/core/build'

ERROR in ./node_modules/three-mesh-bvh/src/index.js 2:0-59
Module not found: Error: Can't resolve './objects/MeshBVHHelper.js' in '/tmp/kavia/workspace/code-generation/3d-virtual-rubiks-challenge-1296-379bdfd8/3d_virtual_rubiks_challenge/node_modules/three-mesh-bvh/src'

ERROR in ./node_modules/three-mesh-bvh/src/index.js 12:0-57
Module not found: Error: Can't resolve './gpu/BVHShaderGLSL.js' in '/tmp/kavia/workspace/code-generation/3d-virtual-rubiks-challenge-1296-379bdfd8/3d_virtual_rubiks_challenge/node_modules/three-mesh-bvh/src'

ERROR in ./node_modules/three-mesh-bvh/src/utils/ExtensionUtilities.js 9:31-60
export 'BatchedMesh' (imported as 'BatchedMesh') was not found in 'three' (possible exports: ACESFilmicToneMapping, AddEquation, AddOperation, AdditiveAnimationBlendMode, AdditiveBlending, AlphaFormat, AlwaysDepth, AlwaysStencilFunc, AmbientLight, AmbientLightProbe, AnimationClip, AnimationLoader, AnimationMixer, AnimationObjectGroup, AnimationUtils, ArcCurve, ArrayCamera, ArrowHelper, Audio, AudioAnalyser, AudioContext, AudioListener, AudioLoader, AxesHelper, BackSide, BasicDepthPacking, BasicShadowMap, Bone, BooleanKeyframeTrack, Box2, Box3, Box3Helper, BoxBufferGeometry, BoxGeometry, BoxHelper, BufferAttribute, BufferGeometry, BufferGeometryLoader, ByteType, Cache, Camera, CameraHelper, CanvasTexture, CapsuleBufferGeometry, CapsuleGeometry, CatmullRomCurve3, CineonToneMapping, CircleBufferGeometry, CircleGeometry, ClampToEdgeWrapping, Clock, Color, ColorKeyframeTrack, ColorManagement, CompressedArrayTexture, CompressedTexture, CompressedTextureLoader, ConeBufferGeometry, ConeGeometry, CubeCamera, CubeReflectionMapping, CubeRefractionMapping, CubeTexture, CubeTextureLoader, CubeUVReflectionMapping, CubicBezierCurve, CubicBezierCurve3, CubicInterpolant, CullFaceBack, CullFaceFront, CullFaceFrontBack, CullFaceNone, Curve, CurvePath, CustomBlending, CustomToneMapping, CylinderBufferGeometry, CylinderGeometry, Cylindrical, Data3DTexture, DataArrayTexture, DataTexture, DataTextureLoader, DataUtils, DecrementStencilOp, DecrementWrapStencilOp, DefaultLoadingManager, DepthFormat, DepthStencilFormat, DepthTexture, DirectionalLight, DirectionalLightHelper, DiscreteInterpolant, DisplayP3ColorSpace, DodecahedronBufferGeometry, DodecahedronGeometry, DoubleSide, DstAlphaFactor, DstColorFactor, DynamicCopyUsage, DynamicDrawUsage, DynamicReadUsage, EdgesGeometry, EllipseCurve, EqualDepth, EqualStencilFunc, EquirectangularReflectionMapping, EquirectangularRefractionMapping, Euler, EventDispatcher, ExtrudeBufferGeometry, ExtrudeGeometry, FileLoader, Float16BufferAttribute, Float32BufferAttribute, Float64BufferAttribute, FloatType, Fog, FogExp2, FramebufferTexture, FrontSide, Frustum, GLBufferAttribute, GLSL1, GLSL3, GreaterDepth, GreaterEqualDepth, GreaterEqualStencilFunc, GreaterStencilFunc, GridHelper, Group, HalfFloatType, HemisphereLight, HemisphereLightHelper, HemisphereLightProbe, IcosahedronBufferGeometry, IcosahedronGeometry, ImageBitmapLoader, ImageLoader, ImageUtils, IncrementStencilOp, IncrementWrapStencilOp, InstancedBufferAttribute, InstancedBufferGeometry, InstancedInterleavedBuffer, InstancedMesh, Int16BufferAttribute, Int32BufferAttribute, Int8BufferAttribute, IntType, InterleavedBuffer, InterleavedBufferAttribute, Interpolant, InterpolateDiscrete, InterpolateLinear, InterpolateSmooth, InvertStencilOp, KeepStencilOp, KeyframeTrack, LOD, LatheBufferGeometry, LatheGeometry, Layers, LessDepth, LessEqualDepth, LessEqualStencilFunc, LessStencilFunc, Light, LightProbe, Line, Line3, LineBasicMaterial, LineCurve, LineCurve3, LineDashedMaterial, LineLoop, LineSegments, LinearEncoding, LinearFilter, LinearInterpolant, LinearMipMapLinearFilter, LinearMipMapNearestFilter, LinearMipmapLinearFilter, LinearMipmapNearestFilter, LinearSRGBColorSpace, LinearToneMapping, Loader, LoaderUtils, LoadingManager, LoopOnce, LoopPingPong, LoopRepeat, LuminanceAlphaFormat, LuminanceFormat, MOUSE, Material, MaterialLoader, MathUtils, Matrix3, Matrix4, MaxEquation, Mesh, MeshBasicMaterial, MeshDepthMaterial, MeshDistanceMaterial, MeshLambertMaterial, MeshMatcapMaterial, MeshNormalMaterial, MeshPhongMaterial, MeshPhysicalMaterial, MeshStandardMaterial, MeshToonMaterial, MinEquation, MirroredRepeatWrapping, MixOperation, MultiplyBlending, MultiplyOperation, NearestFilter, NearestMipMapLinearFilter, NearestMipMapNearestFilter, NearestMipmapLinearFilter, NearestMipmapNearestFilter, NeverDepth, NeverStencilFunc, NoBlending, NoColorSpace, NoToneMapping, NormalAnimationBlendMode, NormalBlending, NotEqualDepth, NotEqualStencilFunc, NumberKeyframeTrack, Object3D, ObjectLoader, ObjectSpaceNormalMap, OctahedronBufferGeometry, OctahedronGeometry, OneFactor, OneMinusDstAlphaFactor, OneMinusDstColorFactor, OneMinusSrcAlphaFactor, OneMinusSrcColorFactor, OrthographicCamera, PCFShadowMap, PCFSoftShadowMap, PMREMGenerator, Path, PerspectiveCamera, Plane, PlaneBufferGeometry, PlaneGeometry, PlaneHelper, PointLight, PointLightHelper, Points, PointsMaterial, PolarGridHelper, PolyhedronBufferGeometry, PolyhedronGeometry, PositionalAudio, PropertyBinding, PropertyMixer, QuadraticBezierCurve, QuadraticBezierCurve3, Quaternion, QuaternionKeyframeTrack, QuaternionLinearInterpolant, RED_GREEN_RGTC2_Format, RED_RGTC1_Format, REVISION, RGBADepthPacking, RGBAFormat, RGBAIntegerFormat, RGBA_ASTC_10x10_Format, RGBA_ASTC_10x5_Format, RGBA_ASTC_10x6_Format, RGBA_ASTC_10x8_Format, RGBA_ASTC_12x10_Format, RGBA_ASTC_12x12_Format, RGBA_ASTC_4x4_Format, RGBA_ASTC_5x4_Format, RGBA_ASTC_5x5_Format, RGBA_ASTC_6x5_Format, RGBA_ASTC_6x6_Format, RGBA_ASTC_8x5_Format, RGBA_ASTC_8x6_Format, RGBA_ASTC_8x8_Format, RGBA_BPTC_Format, RGBA_ETC2_EAC_Format, RGBA_PVRTC_2BPPV1_Format, RGBA_PVRTC_4BPPV1_Format, RGBA_S3TC_DXT1_Format, RGBA_S3TC_DXT3_Format, RGBA_S3TC_DXT5_Format, RGB_ETC1_Format, RGB_ETC2_Format, RGB_PVRTC_2BPPV1_Format, RGB_PVRTC_4BPPV1_Format, RGB_S3TC_DXT1_Format, RGFormat, RGIntegerFormat, RawShaderMaterial, Ray, Raycaster, RectAreaLight, RedFormat, RedIntegerFormat, ReinhardToneMapping, RepeatWrapping, ReplaceStencilOp, ReverseSubtractEquation, RingBufferGeometry, RingGeometry, SIGNED_RED_GREEN_RGTC2_Format, SIGNED_RED_RGTC1_Format, SRGBColorSpace, Scene, ShaderChunk, ShaderLib, ShaderMaterial, ShadowMaterial, Shape, ShapeBufferGeometry, ShapeGeometry, ShapePath, ShapeUtils, ShortType, Skeleton, SkeletonHelper, SkinnedMesh, Source, Sphere, SphereBufferGeometry, SphereGeometry, Spherical, SphericalHarmonics3, SplineCurve, SpotLight, SpotLightHelper, Sprite, SpriteMaterial, SrcAlphaFactor, SrcAlphaSaturateFactor, SrcColorFactor, StaticCopyUsage, StaticDrawUsage, StaticReadUsage, StereoCamera, StreamCopyUsage, StreamDrawUsage, StreamReadUsage, StringKeyframeTrack, SubtractEquation, SubtractiveBlending, TOUCH, TangentSpaceNormalMap, TetrahedronBufferGeometry, TetrahedronGeometry, Texture, TextureLoader, TorusBufferGeometry, TorusGeometry, TorusKnotBufferGeometry, TorusKnotGeometry, Triangle, TriangleFanDrawMode, TriangleStripDrawMode, TrianglesDrawMode, TubeBufferGeometry, TubeGeometry, TwoPassDoubleSide, UVMapping, Uint16BufferAttribute, Uint32BufferAttribute, Uint8BufferAttribute, Uint8ClampedBufferAttribute, Uniform, UniformsGroup, UniformsLib, UniformsUtils, UnsignedByteType, UnsignedInt248Type, UnsignedIntType, UnsignedShort4444Type, UnsignedShort5551Type, UnsignedShortType, VSMShadowMap, Vector2, Vector3, Vector4, VectorKeyframeTrack, VideoTexture, WebGL1Renderer, WebGL3DRenderTarget, WebGLArrayRenderTarget, WebGLCubeRenderTarget, WebGLMultipleRenderTargets, WebGLRenderTarget, WebGLRenderer, WebGLUtils, WireframeGeometry, WrapAroundEnding, ZeroCurvatureEnding, ZeroFactor, ZeroSlopeEnding, ZeroStencilOp, _SRGBAFormat, sRGBEncoding)

webpack compiled with 122 errors and 1 warning
Compiling...
Failed to compile.

Module not found: Error: Can't resolve '@react-three/fiber' in '/tmp/kavia/workspace/code-generation/3d-virtual-rubiks-challenge-1296-379bdfd8/3d_virtual_rubiks_challenge/src/components/RubiksCube'
LOG from webpack.FileSystemInfo
<w> Managed item /tmp/kavia/workspace/code-generation/3d-virtual-rubiks-challenge-1296-379bdfd8/3d_virtual_rubiks_challenge/node_modules/@react-three/fiber isn't a directory or doesn't contain a package.json (see snapshot.managedPaths option)
+ 14 hidden lines

WARNING in ./node_modules/@mediapipe/tasks-vision/vision_bundle.mjs
Module Warning (from ./node_modules/source-map-loader/dist/cjs.js):
Failed to parse source map from '/tmp/kavia/workspace/code-generation/3d-virtual-rubiks-challenge-1296-379bdfd8/3d_virtual_rubiks_challenge/node_modules/@mediapipe/tasks-vision/vision_bundle_mjs.js.map' file: Error: ENOENT: no such file or directory, open '/tmp/kavia/workspace/code-generation/3d-virtual-rubiks-challenge-1296-379bdfd8/3d_virtual_rubiks_challenge/node_modules/@mediapipe/tasks-vision/vision_bundle_mjs.js.map'

ERROR in ./src/components/RubiksCube/RubiksCube.js 5:0-44
Module not found: Error: Can't resolve '@react-three/fiber' in '/tmp/kavia/workspace/code-generation/3d-virtual-rubiks-challenge-1296-379bdfd8/3d_virtual_rubiks_challenge/src/components/RubiksCube'

ERROR in ./node_modules/@react-spring/three/dist/react-spring-three.esm.js 1:0-59
Module not found: Error: Can't resolve '@react-three/fiber' in '/tmp/kavia/workspace/code-generation/3d-virtual-rubiks-challenge-1296-379bdfd8/3d_virtual_rubiks_challenge/node_modules/@react-spring/three/dist'

ERROR in ./node_modules/@react-three/drei/core/AccumulativeShadows.js 4:0-64
Module not found: Error: Can't resolve '@react-three/fiber' in '/tmp/kavia/workspace/code-generation/3d-virtual-rubiks-challenge-1296-379bdfd8/3d_virtual_rubiks_challenge/node_modules/@react-three/drei/core'

ERROR in ./node_modules/@react-three/drei/core/AdaptiveDpr.js 2:0-46
Module not found: Error: Can't resolve '@react-three/fiber' in '/tmp/kavia/workspace/code-generation/3d-virtual-rubiks-challenge-1296-379bdfd8/3d_virtual_rubiks_challenge/node_modules/@react-three/drei/core'

ERROR in ./node_modules/@react-three/drei/core/AdaptiveEvents.js 2:0-46
Module not found: Error: Can't resolve '@react-three/fiber' in '/tmp/kavia/workspace/code-generation/3d-virtual-rubiks-challenge-1296-379bdfd8/3d_virtual_rubiks_challenge/node_modules/@react-three/drei/core'

ERROR in ./node_modules/@react-three/drei/core/ArcballControls.js 2:0-56
Module not found: Error: Can't resolve '@react-three/fiber' in '/tmp/kavia/workspace/code-generation/3d-virtual-rubiks-challenge-1296-379bdfd8/3d_virtual_rubiks_challenge/node_modules/@react-three/drei/core'

ERROR in ./node_modules/@react-three/drei/core/AsciiRenderer.js 2:0-56
Module not found: Error: Can't resolve '@react-three/fiber' in '/tmp/kavia/workspace/code-generation/3d-virtual-rubiks-challenge-1296-379bdfd8/3d_virtual_rubiks_challenge/node_modules/@react-three/drei/core'

ERROR in ./node_modules/@react-three/drei/core/BBAnchor.js 4:0-46
Module not found: Error: Can't resolve '@react-three/fiber' in '/tmp/kavia/workspace/code-generation/3d-virtual-rubiks-challenge-1296-379bdfd8/3d_virtual_rubiks_challenge/node_modules/@react-three/drei/core'

ERROR in ./node_modules/@react-three/drei/core/BakeShadows.js 2:0-46
Module not found: Error: Can't resolve '@react-three/fiber' in '/tmp/kavia/workspace/code-generation/3d-virtual-rubiks-challenge-1296-379bdfd8/3d_virtual_rubiks_challenge/node_modules/@react-three/drei/core'

ERROR in ./node_modules/@react-three/drei/core/Billboard.js 3:0-46
Module not found: Error: Can't resolve '@react-three/fiber' in '/tmp/kavia/workspace/code-generation/3d-virtual-rubiks-challenge-1296-379bdfd8/3d_virtual_rubiks_challenge/node_modules/@react-three/drei/core'

ERROR in ./node_modules/@react-three/drei/core/Bounds.js 3:0-56
Module not found: Error: Can't resolve '@react-three/fiber' in '/tmp/kavia/workspace/code-generation/3d-virtual-rubiks-challenge-1296-379bdfd8/3d_virtual_rubiks_challenge/node_modules/@react-three/drei/core'

ERROR in ./node_modules/@react-three/drei/core/CameraControls.js 5:0-64
Module not found: Error: Can't resolve '@react-three/fiber' in '/tmp/kavia/workspace/code-generation/3d-virtual-rubiks-challenge-1296-379bdfd8/3d_virtual_rubiks_challenge/node_modules/@react-three/drei/core'

ERROR in ./node_modules/@react-three/drei/core/CameraShake.js 2:0-56
Module not found: Error: Can't resolve '@react-three/fiber' in '/tmp/kavia/workspace/code-generation/3d-virtual-rubiks-challenge-1296-379bdfd8/3d_virtual_rubiks_challenge/node_modules/@react-three/drei/core'

ERROR in ./node_modules/@react-three/drei/core/Caustics.js 4:0-64
Module not found: Error: Can't resolve '@react-three/fiber' in '/tmp/kavia/workspace/code-generation/3d-virtual-rubiks-challenge-1296-379bdfd8/3d_virtual_rubiks_challenge/node_modules/@react-three/drei/core'

ERROR in ./node_modules/@react-three/drei/core/Cloud.js 2:0-46
Module not found: Error: Can't resolve '@react-three/fiber' in '/tmp/kavia/workspace/code-generation/3d-virtual-rubiks-challenge-1296-379bdfd8/3d_virtual_rubiks_challenge/node_modules/@react-three/drei/core'

ERROR in ./node_modules/@react-three/drei/core/ContactShadows.js 4:0-56
Module not found: Error: Can't resolve '@react-three/fiber' in '/tmp/kavia/workspace/code-generation/3d-virtual-rubiks-challenge-1296-379bdfd8/3d_virtual_rubiks_challenge/node_modules/@react-three/drei/core'

ERROR in ./node_modules/@react-three/drei/core/CubeCamera.js 2:0-46
Module not found: Error: Can't resolve '@react-three/fiber' in '/tmp/kavia/workspace/code-generation/3d-virtual-rubiks-challenge-1296-379bdfd8/3d_virtual_rubiks_challenge/node_modules/@react-three/drei/core'

ERROR in ./node_modules/@react-three/drei/core/CurveModifier.js 3:0-50
Module not found: Error: Can't resolve '@react-three/fiber' in '/tmp/kavia/workspace/code-generation/3d-virtual-rubiks-challenge-1296-379bdfd8/3d_virtual_rubiks_challenge/node_modules/@react-three/drei/core'

ERROR in ./node_modules/@react-three/drei/core/Decal.js 4:0-48
Module not found: Error: Can't resolve '@react-three/fiber' in '/tmp/kavia/workspace/code-generation/3d-virtual-rubiks-challenge-1296-379bdfd8/3d_virtual_rubiks_challenge/node_modules/@react-three/drei/core'

ERROR in ./node_modules/@react-three/drei/core/Detailed.js 3:0-46
Module not found: Error: Can't resolve '@react-three/fiber' in '/tmp/kavia/workspace/code-generation/3d-virtual-rubiks-challenge-1296-379bdfd8/3d_virtual_rubiks_challenge/node_modules/@react-three/drei/core'

ERROR in ./node_modules/@react-three/drei/core/DeviceOrientationControls.js 2:0-56
Module not found: Error: Can't resolve '@react-three/fiber' in '/tmp/kavia/workspace/code-generation/3d-virtual-rubiks-challenge-1296-379bdfd8/3d_virtual_rubiks_challenge/node_modules/@react-three/drei/core'

ERROR in ./node_modules/@react-three/drei/core/Effects.js 4:0-64
Module not found: Error: Can't resolve '@react-three/fiber' in '/tmp/kavia/workspace/code-generation/3d-virtual-rubiks-challenge-1296-379bdfd8/3d_virtual_rubiks_challenge/node_modules/@react-three/drei/core'

ERROR in ./node_modules/@react-three/drei/core/Environment.js 3:0-78
Module not found: Error: Can't resolve '@react-three/fiber' in '/tmp/kavia/workspace/code-generation/3d-virtual-rubiks-challenge-1296-379bdfd8/3d_virtual_rubiks_challenge/node_modules/@react-three/drei/core'

ERROR in ./node_modules/@react-three/drei/core/FaceControls.js 5:0-56
Module not found: Error: Can't resolve '@react-three/fiber' in '/tmp/kavia/workspace/code-generation/3d-virtual-rubiks-challenge-1296-379bdfd8/3d_virtual_rubiks_challenge/node_modules/@react-three/drei/core'

ERROR in ./node_modules/@react-three/drei/core/FaceControls.js 7:0-47
Module not found: Error: Can't resolve 'suspend-react' in '/tmp/kavia/workspace/code-generation/3d-virtual-rubiks-challenge-1296-379bdfd8/3d_virtual_rubiks_challenge/node_modules/@react-three/drei/core'

ERROR in ./node_modules/@react-three/drei/core/FaceLandmarker.js 4:0-47
Module not found: Error: Can't resolve 'suspend-react' in '/tmp/kavia/workspace/code-generation/3d-virtual-rubiks-challenge-1296-379bdfd8/3d_virtual_rubiks_challenge/node_modules/@react-three/drei/core'

ERROR in ./node_modules/@react-three/drei/core/Facemesh.js 3:0-46
Module not found: Error: Can't resolve '@react-three/fiber' in '/tmp/kavia/workspace/code-generation/3d-virtual-rubiks-challenge-1296-379bdfd8/3d_virtual_rubiks_challenge/node_modules/@react-three/drei/core'

ERROR in ./node_modules/@react-three/drei/core/FirstPersonControls.js 3:0-56
Module not found: Error: Can't resolve '@react-three/fiber' in '/tmp/kavia/workspace/code-generation/3d-virtual-rubiks-challenge-1296-379bdfd8/3d_virtual_rubiks_challenge/node_modules/@react-three/drei/core'

ERROR in ./node_modules/@react-three/drei/core/Float.js 2:0-46
Module not found: Error: Can't resolve '@react-three/fiber' in '/tmp/kavia/workspace/code-generation/3d-virtual-rubiks-challenge-1296-379bdfd8/3d_virtual_rubiks_challenge/node_modules/@react-three/drei/core'

ERROR in ./node_modules/@react-three/drei/core/FlyControls.js 2:0-56
Module not found: Error: Can't resolve '@react-three/fiber' in '/tmp/kavia/workspace/code-generation/3d-virtual-rubiks-challenge-1296-379bdfd8/3d_virtual_rubiks_challenge/node_modules/@react-three/drei/core'

ERROR in ./node_modules/@react-three/drei/core/GizmoHelper.js 2:0-56
Module not found: Error: Can't resolve '@react-three/fiber' in '/tmp/kavia/workspace/code-generation/3d-virtual-rubiks-challenge-1296-379bdfd8/3d_virtual_rubiks_challenge/node_modules/@react-three/drei/core'

ERROR in ./node_modules/@react-three/drei/core/GizmoViewcube.js 3:0-46
Module not found: Error: Can't resolve '@react-three/fiber' in '/tmp/kavia/workspace/code-generation/3d-virtual-rubiks-challenge-1296-379bdfd8/3d_virtual_rubiks_challenge/node_modules/@react-three/drei/core'

ERROR in ./node_modules/@react-three/drei/core/GizmoViewport.js 3:0-46
Module not found: Error: Can't resolve '@react-three/fiber' in '/tmp/kavia/workspace/code-generation/3d-virtual-rubiks-challenge-1296-379bdfd8/3d_virtual_rubiks_challenge/node_modules/@react-three/drei/core'

ERROR in ./node_modules/@react-three/drei/core/GradientTexture.js 3:0-46
Module not found: Error: Can't resolve '@react-three/fiber' in '/tmp/kavia/workspace/code-generation/3d-virtual-rubiks-challenge-1296-379bdfd8/3d_virtual_rubiks_challenge/node_modules/@react-three/drei/core'

ERROR in ./node_modules/@react-three/drei/core/Grid.js 5:0-54
Module not found: Error: Can't resolve '@react-three/fiber' in '/tmp/kavia/workspace/code-generation/3d-virtual-rubiks-challenge-1296-379bdfd8/3d_virtual_rubiks_challenge/node_modules/@react-three/drei/core'

ERROR in ./node_modules/@react-three/drei/core/Hud.js 3:0-70
Module not found: Error: Can't resolve '@react-three/fiber' in '/tmp/kavia/workspace/code-generation/3d-virtual-rubiks-challenge-1296-379bdfd8/3d_virtual_rubiks_challenge/node_modules/@react-three/drei/core'

ERROR in ./node_modules/@react-three/drei/core/Image.js 4:0-44
Module not found: Error: Can't resolve '@react-three/fiber' in '/tmp/kavia/workspace/code-generation/3d-virtual-rubiks-challenge-1296-379bdfd8/3d_virtual_rubiks_challenge/node_modules/@react-three/drei/core'

ERROR in ./node_modules/@react-three/drei/core/Instances.js 4:0-54
Module not found: Error: Can't resolve '@react-three/fiber' in '/tmp/kavia/workspace/code-generation/3d-virtual-rubiks-challenge-1296-379bdfd8/3d_virtual_rubiks_challenge/node_modules/@react-three/drei/core'

ERROR in ./node_modules/@react-three/drei/core/Lightformer.js 2:0-48
Module not found: Error: Can't resolve '@react-three/fiber' in '/tmp/kavia/workspace/code-generation/3d-virtual-rubiks-challenge-1296-379bdfd8/3d_virtual_rubiks_challenge/node_modules/@react-three/drei/core'

ERROR in ./node_modules/@react-three/drei/core/Line.js 4:0-46
Module not found: Error: Can't resolve '@react-three/fiber' in '/tmp/kavia/workspace/code-generation/3d-virtual-rubiks-challenge-1296-379bdfd8/3d_virtual_rubiks_challenge/node_modules/@react-three/drei/core'

ERROR in ./node_modules/@react-three/drei/core/MapControls.js 2:0-56
Module not found: Error: Can't resolve '@react-three/fiber' in '/tmp/kavia/workspace/code-generation/3d-virtual-rubiks-challenge-1296-379bdfd8/3d_virtual_rubiks_challenge/node_modules/@react-three/drei/core'

ERROR in ./node_modules/@react-three/drei/core/MarchingCubes.js 6:0-46
Module not found: Error: Can't resolve '@react-three/fiber' in '/tmp/kavia/workspace/code-generation/3d-virtual-rubiks-challenge-1296-379bdfd8/3d_virtual_rubiks_challenge/node_modules/@react-three/drei/core'

ERROR in ./node_modules/@react-three/drei/core/MeshDiscardMaterial.js 3:0-44
Module not found: Error: Can't resolve '@react-three/fiber' in '/tmp/kavia/workspace/code-generation/3d-virtual-rubiks-challenge-1296-379bdfd8/3d_virtual_rubiks_challenge/node_modules/@react-three/drei/core'

ERROR in ./node_modules/@react-three/drei/core/MeshDistortMaterial.js 4:0-46
Module not found: Error: Can't resolve '@react-three/fiber' in '/tmp/kavia/workspace/code-generation/3d-virtual-rubiks-challenge-1296-379bdfd8/3d_virtual_rubiks_challenge/node_modules/@react-three/drei/core'

ERROR in ./node_modules/@react-three/drei/core/MeshPortalMaterial.js 4:0-64
Module not found: Error: Can't resolve '@react-three/fiber' in '/tmp/kavia/workspace/code-generation/3d-virtual-rubiks-challenge-1296-379bdfd8/3d_virtual_rubiks_challenge/node_modules/@react-three/drei/core'

ERROR in ./node_modules/@react-three/drei/core/MeshReflectorMaterial.js 4:0-64
Module not found: Error: Can't resolve '@react-three/fiber' in '/tmp/kavia/workspace/code-generation/3d-virtual-rubiks-challenge-1296-379bdfd8/3d_virtual_rubiks_challenge/node_modules/@react-three/drei/core'

ERROR in ./node_modules/@react-three/drei/core/MeshRefractionMaterial.js 4:0-64
Module not found: Error: Can't resolve '@react-three/fiber' in '/tmp/kavia/workspace/code-generation/3d-virtual-rubiks-challenge-1296-379bdfd8/3d_virtual_rubiks_challenge/node_modules/@react-three/drei/core'

ERROR in ./node_modules/@react-three/drei/core/MeshTransmissionMaterial.js 4:0-54
Module not found: Error: Can't resolve '@react-three/fiber' in '/tmp/kavia/workspace/code-generation/3d-virtual-rubiks-challenge-1296-379bdfd8/3d_virtual_rubiks_challenge/node_modules/@react-three/drei/core'

ERROR in ./node_modules/@react-three/drei/core/MeshWobbleMaterial.js 4:0-46
Module not found: Error: Can't resolve '@react-three/fiber' in '/tmp/kavia/workspace/code-generation/3d-virtual-rubiks-challenge-1296-379bdfd8/3d_virtual_rubiks_challenge/node_modules/@react-three/drei/core'

ERROR in ./node_modules/@react-three/drei/core/OrbitControls.js 2:0-56
Module not found: Error: Can't resolve '@react-three/fiber' in '/tmp/kavia/workspace/code-generation/3d-virtual-rubiks-challenge-1296-379bdfd8/3d_virtual_rubiks_challenge/node_modules/@react-three/drei/core'

ERROR in ./node_modules/@react-three/drei/core/OrthographicCamera.js 3:0-56
Module not found: Error: Can't resolve '@react-three/fiber' in '/tmp/kavia/workspace/code-generation/3d-virtual-rubiks-challenge-1296-379bdfd8/3d_virtual_rubiks_challenge/node_modules/@react-three/drei/core'

ERROR in ./node_modules/@react-three/drei/core/PerformanceMonitor.js 3:0-46
Module not found: Error: Can't resolve '@react-three/fiber' in '/tmp/kavia/workspace/code-generation/3d-virtual-rubiks-challenge-1296-379bdfd8/3d_virtual_rubiks_challenge/node_modules/@react-three/drei/core'

ERROR in ./node_modules/@react-three/drei/core/PerspectiveCamera.js 3:0-56
Module not found: Error: Can't resolve '@react-three/fiber' in '/tmp/kavia/workspace/code-generation/3d-virtual-rubiks-challenge-1296-379bdfd8/3d_virtual_rubiks_challenge/node_modules/@react-three/drei/core'

ERROR in ./node_modules/@react-three/drei/core/PointerLockControls.js 2:0-46
Module not found: Error: Can't resolve '@react-three/fiber' in '/tmp/kavia/workspace/code-generation/3d-virtual-rubiks-challenge-1296-379bdfd8/3d_virtual_rubiks_challenge/node_modules/@react-three/drei/core'

ERROR in ./node_modules/@react-three/drei/core/Points.js 4:0-54
Module not found: Error: Can't resolve '@react-three/fiber' in '/tmp/kavia/workspace/code-generation/3d-virtual-rubiks-challenge-1296-379bdfd8/3d_virtual_rubiks_challenge/node_modules/@react-three/drei/core'

ERROR in ./node_modules/@react-three/drei/core/PositionalAudio.js 4:0-57
Module not found: Error: Can't resolve '@react-three/fiber' in '/tmp/kavia/workspace/code-generation/3d-virtual-rubiks-challenge-1296-379bdfd8/3d_virtual_rubiks_challenge/node_modules/@react-three/drei/core'

ERROR in ./node_modules/@react-three/drei/core/Preload.js 3:0-46
Module not found: Error: Can't resolve '@react-three/fiber' in '/tmp/kavia/workspace/code-generation/3d-virtual-rubiks-challenge-1296-379bdfd8/3d_virtual_rubiks_challenge/node_modules/@react-three/drei/core'

ERROR in ./node_modules/@react-three/drei/core/Reflector.js 4:0-64
Module not found: Error: Can't resolve '@react-three/fiber' in '/tmp/kavia/workspace/code-generation/3d-virtual-rubiks-challenge-1296-379bdfd8/3d_virtual_rubiks_challenge/node_modules/@react-three/drei/core'

ERROR in ./node_modules/@react-three/drei/core/RenderTexture.js 4:0-70
Module not found: Error: Can't resolve '@react-three/fiber' in '/tmp/kavia/workspace/code-generation/3d-virtual-rubiks-challenge-1296-379bdfd8/3d_virtual_rubiks_challenge/node_modules/@react-three/drei/core'

ERROR in ./node_modules/@react-three/drei/core/ScreenSpace.js 4:0-46
Module not found: Error: Can't resolve '@react-three/fiber' in '/tmp/kavia/workspace/code-generation/3d-virtual-rubiks-challenge-1296-379bdfd8/3d_virtual_rubiks_challenge/node_modules/@react-three/drei/core'

ERROR in ./node_modules/@react-three/drei/core/Segments.js 5:0-54
Module not found: Error: Can't resolve '@react-three/fiber' in '/tmp/kavia/workspace/code-generation/3d-virtual-rubiks-challenge-1296-379bdfd8/3d_virtual_rubiks_challenge/node_modules/@react-three/drei/core'

ERROR in ./node_modules/@react-three/drei/core/Sparkles.js 4:0-64
Module not found: Error: Can't resolve '@react-three/fiber' in '/tmp/kavia/workspace/code-generation/3d-virtual-rubiks-challenge-1296-379bdfd8/3d_virtual_rubiks_challenge/node_modules/@react-three/drei/core'

ERROR in ./node_modules/@react-three/drei/core/SpotLight.js 4:0-56
Module not found: Error: Can't resolve '@react-three/fiber' in '/tmp/kavia/workspace/code-generation/3d-virtual-rubiks-challenge-1296-379bdfd8/3d_virtual_rubiks_challenge/node_modules/@react-three/drei/core'

ERROR in ./node_modules/@react-three/drei/core/SpriteAnimator.js 2:0-56
Module not found: Error: Can't resolve '@react-three/fiber' in '/tmp/kavia/workspace/code-generation/3d-virtual-rubiks-challenge-1296-379bdfd8/3d_virtual_rubiks_challenge/node_modules/@react-three/drei/core'

ERROR in ./node_modules/@react-three/drei/core/Stars.js 4:0-46
Module not found: Error: Can't resolve '@react-three/fiber' in '/tmp/kavia/workspace/code-generation/3d-virtual-rubiks-challenge-1296-379bdfd8/3d_virtual_rubiks_challenge/node_modules/@react-three/drei/core'

ERROR in ./node_modules/@react-three/drei/core/Stats.js 2:0-63
Module not found: Error: Can't resolve '@react-three/fiber' in '/tmp/kavia/workspace/code-generation/3d-virtual-rubiks-challenge-1296-379bdfd8/3d_virtual_rubiks_challenge/node_modules/@react-three/drei/core'

ERROR in ./node_modules/@react-three/drei/core/StatsGl.js 2:0-73
Module not found: Error: Can't resolve '@react-three/fiber' in '/tmp/kavia/workspace/code-generation/3d-virtual-rubiks-challenge-1296-379bdfd8/3d_virtual_rubiks_challenge/node_modules/@react-three/drei/core'

ERROR in ./node_modules/@react-three/drei/core/Svg.js 2:0-47
Module not found: Error: Can't resolve '@react-three/fiber' in '/tmp/kavia/workspace/code-generation/3d-virtual-rubiks-challenge-1296-379bdfd8/3d_virtual_rubiks_challenge/node_modules/@react-three/drei/core'

ERROR in ./node_modules/@react-three/drei/core/Text.js 4:0-46
Module not found: Error: Can't resolve '@react-three/fiber' in '/tmp/kavia/workspace/code-generation/3d-virtual-rubiks-challenge-1296-379bdfd8/3d_virtual_rubiks_challenge/node_modules/@react-three/drei/core'

ERROR in ./node_modules/@react-three/drei/core/Text.js 5:0-40
Module not found: Error: Can't resolve 'suspend-react' in '/tmp/kavia/workspace/code-generation/3d-virtual-rubiks-challenge-1296-379bdfd8/3d_virtual_rubiks_challenge/node_modules/@react-three/drei/core'

ERROR in ./node_modules/@react-three/drei/core/Text3D.js 4:0-44
Module not found: Error: Can't resolve '@react-three/fiber' in '/tmp/kavia/workspace/code-generation/3d-virtual-rubiks-challenge-1296-379bdfd8/3d_virtual_rubiks_challenge/node_modules/@react-three/drei/core'

ERROR in ./node_modules/@react-three/drei/core/TrackballControls.js 2:0-56
Module not found: Error: Can't resolve '@react-three/fiber' in '/tmp/kavia/workspace/code-generation/3d-virtual-rubiks-challenge-1296-379bdfd8/3d_virtual_rubiks_challenge/node_modules/@react-three/drei/core'

ERROR in ./node_modules/@react-three/drei/core/Trail.js 1:0-70
Module not found: Error: Can't resolve '@react-three/fiber' in '/tmp/kavia/workspace/code-generation/3d-virtual-rubiks-challenge-1296-379bdfd8/3d_virtual_rubiks_challenge/node_modules/@react-three/drei/core'

ERROR in ./node_modules/@react-three/drei/core/TransformControls.js 2:0-46
Module not found: Error: Can't resolve '@react-three/fiber' in '/tmp/kavia/workspace/code-generation/3d-virtual-rubiks-challenge-1296-379bdfd8/3d_virtual_rubiks_challenge/node_modules/@react-three/drei/core'

ERROR in ./node_modules/@react-three/drei/core/Wireframe.js 4:0-44
Module not found: Error: Can't resolve '@react-three/fiber' in '/tmp/kavia/workspace/code-generation/3d-virtual-rubiks-challenge-1296-379bdfd8/3d_virtual_rubiks_challenge/node_modules/@react-three/drei/core'

ERROR in ./node_modules/@react-three/drei/core/softShadows.js 3:0-46
Module not found: Error: Can't resolve '@react-three/fiber' in '/tmp/kavia/workspace/code-generation/3d-virtual-rubiks-challenge-1296-379bdfd8/3d_virtual_rubiks_challenge/node_modules/@react-three/drei/core'

ERROR in ./node_modules/@react-three/drei/core/useAnimations.js 3:0-46
Module not found: Error: Can't resolve '@react-three/fiber' in '/tmp/kavia/workspace/code-generation/3d-virtual-rubiks-challenge-1296-379bdfd8/3d_virtual_rubiks_challenge/node_modules/@react-three/drei/core'

ERROR in ./node_modules/@react-three/drei/core/useAspect.js 1:0-46
Module not found: Error: Can't resolve '@react-three/fiber' in '/tmp/kavia/workspace/code-generation/3d-virtual-rubiks-challenge-1296-379bdfd8/3d_virtual_rubiks_challenge/node_modules/@react-three/drei/core'

ERROR in ./node_modules/@react-three/drei/core/useBVH.js 2:0-46
Module not found: Error: Can't resolve '@react-three/fiber' in '/tmp/kavia/workspace/code-generation/3d-virtual-rubiks-challenge-1296-379bdfd8/3d_virtual_rubiks_challenge/node_modules/@react-three/drei/core'

ERROR in ./node_modules/@react-three/drei/core/useBoxProjectedEnv.js 3:0-48
Module not found: Error: Can't resolve '@react-three/fiber' in '/tmp/kavia/workspace/code-generation/3d-virtual-rubiks-challenge-1296-379bdfd8/3d_virtual_rubiks_challenge/node_modules/@react-three/drei/core'

ERROR in ./node_modules/@react-three/drei/core/useCamera.js 3:0-58
Module not found: Error: Can't resolve '@react-three/fiber' in '/tmp/kavia/workspace/code-generation/3d-virtual-rubiks-challenge-1296-379bdfd8/3d_virtual_rubiks_challenge/node_modules/@react-three/drei/core'

ERROR in ./node_modules/@react-three/drei/core/useCubeCamera.js 5:0-46
Module not found: Error: Can't resolve '@react-three/fiber' in '/tmp/kavia/workspace/code-generation/3d-virtual-rubiks-challenge-1296-379bdfd8/3d_virtual_rubiks_challenge/node_modules/@react-three/drei/core'

ERROR in ./node_modules/@react-three/drei/core/useCubeTexture.js 2:0-47
Module not found: Error: Can't resolve '@react-three/fiber' in '/tmp/kavia/workspace/code-generation/3d-virtual-rubiks-challenge-1296-379bdfd8/3d_virtual_rubiks_challenge/node_modules/@react-three/drei/core'

ERROR in ./node_modules/@react-three/drei/core/useDepthBuffer.js 3:0-56
Module not found: Error: Can't resolve '@react-three/fiber' in '/tmp/kavia/workspace/code-generation/3d-virtual-rubiks-challenge-1296-379bdfd8/3d_virtual_rubiks_challenge/node_modules/@react-three/drei/core'

ERROR in ./node_modules/@react-three/drei/core/useDetectGPU.js 2:0-40
Module not found: Error: Can't resolve 'suspend-react' in '/tmp/kavia/workspace/code-generation/3d-virtual-rubiks-challenge-1296-379bdfd8/3d_virtual_rubiks_challenge/node_modules/@react-three/drei/core'

ERROR in ./node_modules/@react-three/drei/core/useEnvironment.js 1:0-47
Module not found: Error: Can't resolve '@react-three/fiber' in '/tmp/kavia/workspace/code-generation/3d-virtual-rubiks-challenge-1296-379bdfd8/3d_virtual_rubiks_challenge/node_modules/@react-three/drei/core'

ERROR in ./node_modules/@react-three/drei/core/useFBO.js 3:0-46
Module not found: Error: Can't resolve '@react-three/fiber' in '/tmp/kavia/workspace/code-generation/3d-virtual-rubiks-challenge-1296-379bdfd8/3d_virtual_rubiks_challenge/node_modules/@react-three/drei/core'

ERROR in ./node_modules/@react-three/drei/core/useFBX.js 2:0-47
Module not found: Error: Can't resolve '@react-three/fiber' in '/tmp/kavia/workspace/code-generation/3d-virtual-rubiks-challenge-1296-379bdfd8/3d_virtual_rubiks_challenge/node_modules/@react-three/drei/core'

ERROR in ./node_modules/@react-three/drei/core/useFont.js 2:0-56
Module not found: Error: Can't resolve 'suspend-react' in '/tmp/kavia/workspace/code-generation/3d-virtual-rubiks-challenge-1296-379bdfd8/3d_virtual_rubiks_challenge/node_modules/@react-three/drei/core'

ERROR in ./node_modules/@react-three/drei/core/useGLTF.js 2:0-47
Module not found: Error: Can't resolve '@react-three/fiber' in '/tmp/kavia/workspace/code-generation/3d-virtual-rubiks-challenge-1296-379bdfd8/3d_virtual_rubiks_challenge/node_modules/@react-three/drei/core'

ERROR in ./node_modules/@react-three/drei/core/useHelper.js 2:0-56
Module not found: Error: Can't resolve '@react-three/fiber' in '/tmp/kavia/workspace/code-generation/3d-virtual-rubiks-challenge-1296-379bdfd8/3d_virtual_rubiks_challenge/node_modules/@react-three/drei/core'

ERROR in ./node_modules/@react-three/drei/core/useIntersect.js 2:0-63
Module not found: Error: Can't resolve '@react-three/fiber' in '/tmp/kavia/workspace/code-generation/3d-virtual-rubiks-challenge-1296-379bdfd8/3d_virtual_rubiks_challenge/node_modules/@react-three/drei/core'

ERROR in ./node_modules/@react-three/drei/core/useKTX2.js 1:0-57
Module not found: Error: Can't resolve '@react-three/fiber' in '/tmp/kavia/workspace/code-generation/3d-virtual-rubiks-challenge-1296-379bdfd8/3d_virtual_rubiks_challenge/node_modules/@react-three/drei/core'

ERROR in ./node_modules/@react-three/drei/core/useMatcapTexture.js 3:0-40
Module not found: Error: Can't resolve 'suspend-react' in '/tmp/kavia/workspace/code-generation/3d-virtual-rubiks-challenge-1296-379bdfd8/3d_virtual_rubiks_challenge/node_modules/@react-three/drei/core'

ERROR in ./node_modules/@react-three/drei/core/useNormalTexture.js 4:0-40
Module not found: Error: Can't resolve 'suspend-react' in '/tmp/kavia/workspace/code-generation/3d-virtual-rubiks-challenge-1296-379bdfd8/3d_virtual_rubiks_challenge/node_modules/@react-three/drei/core'

ERROR in ./node_modules/@react-three/drei/core/useTexture.js 2:0-57
Module not found: Error: Can't resolve '@react-three/fiber' in '/tmp/kavia/workspace/code-generation/3d-virtual-rubiks-challenge-1296-379bdfd8/3d_virtual_rubiks_challenge/node_modules/@react-three/drei/core'

ERROR in ./node_modules/@react-three/drei/core/useTrailTexture.js 2:0-46
Module not found: Error: Can't resolve '@react-three/fiber' in '/tmp/kavia/workspace/code-generation/3d-virtual-rubiks-challenge-1296-379bdfd8/3d_virtual_rubiks_challenge/node_modules/@react-three/drei/core'

ERROR in ./node_modules/@react-three/drei/core/useVideoTexture.js 3:0-46
Module not found: Error: Can't resolve '@react-three/fiber' in '/tmp/kavia/workspace/code-generation/3d-virtual-rubiks-challenge-1296-379bdfd8/3d_virtual_rubiks_challenge/node_modules/@react-three/drei/core'

ERROR in ./node_modules/@react-three/drei/core/useVideoTexture.js 4:0-40
Module not found: Error: Can't resolve 'suspend-react' in '/tmp/kavia/workspace/code-generation/3d-virtual-rubiks-challenge-1296-379bdfd8/3d_virtual_rubiks_challenge/node_modules/@react-three/drei/core'

ERROR in ./node_modules/@react-three/drei/materials/ConvolutionMaterial.js 2:0-50
Module not found: Error: Can't resolve '../helpers/constants.js' in '/tmp/kavia/workspace/code-generation/3d-virtual-rubiks-challenge-1296-379bdfd8/3d_virtual_rubiks_challenge/node_modules/@react-three/drei/materials'

ERROR in ./node_modules/@react-three/drei/web/CycleRaycast.js 2:0-46
Module not found: Error: Can't resolve '@react-three/fiber' in '/tmp/kavia/workspace/code-generation/3d-virtual-rubiks-challenge-1296-379bdfd8/3d_virtual_rubiks_challenge/node_modules/@react-three/drei/web'

ERROR in ./node_modules/@react-three/drei/web/Html.js 5:0-56
Module not found: Error: Can't resolve '@react-three/fiber' in '/tmp/kavia/workspace/code-generation/3d-virtual-rubiks-challenge-1296-379bdfd8/3d_virtual_rubiks_challenge/node_modules/@react-three/drei/web'

ERROR in ./node_modules/@react-three/drei/web/PresentationControls.js 4:0-46
Module not found: Error: Can't resolve '@react-three/fiber' in '/tmp/kavia/workspace/code-generation/3d-virtual-rubiks-challenge-1296-379bdfd8/3d_virtual_rubiks_challenge/node_modules/@react-three/drei/web'

ERROR in ./node_modules/@react-three/drei/web/ScrollControls.js 4:0-78
Module not found: Error: Can't resolve '@react-three/fiber' in '/tmp/kavia/workspace/code-generation/3d-virtual-rubiks-challenge-1296-379bdfd8/3d_virtual_rubiks_challenge/node_modules/@react-three/drei/web'

ERROR in ./node_modules/@react-three/drei/web/Select.js 5:0-46
Module not found: Error: Can't resolve '@react-three/fiber' in '/tmp/kavia/workspace/code-generation/3d-virtual-rubiks-challenge-1296-379bdfd8/3d_virtual_rubiks_challenge/node_modules/@react-three/drei/web'

ERROR in ./node_modules/@react-three/drei/web/View.js 3:0-70
Module not found: Error: Can't resolve '@react-three/fiber' in '/tmp/kavia/workspace/code-generation/3d-virtual-rubiks-challenge-1296-379bdfd8/3d_virtual_rubiks_challenge/node_modules/@react-three/drei/web'

ERROR in ./node_modules/@react-three/drei/web/pivotControls/AxisArrow.js 3:0-46
Module not found: Error: Can't resolve '@react-three/fiber' in '/tmp/kavia/workspace/code-generation/3d-virtual-rubiks-challenge-1296-379bdfd8/3d_virtual_rubiks_challenge/node_modules/@react-three/drei/web/pivotControls'

ERROR in ./node_modules/@react-three/drei/web/pivotControls/AxisRotator.js 3:0-46
Module not found: Error: Can't resolve '@react-three/fiber' in '/tmp/kavia/workspace/code-generation/3d-virtual-rubiks-challenge-1296-379bdfd8/3d_virtual_rubiks_challenge/node_modules/@react-three/drei/web/pivotControls'

ERROR in ./node_modules/@react-three/drei/web/pivotControls/PlaneSlider.js 3:0-46
Module not found: Error: Can't resolve '@react-three/fiber' in '/tmp/kavia/workspace/code-generation/3d-virtual-rubiks-challenge-1296-379bdfd8/3d_virtual_rubiks_challenge/node_modules/@react-three/drei/web/pivotControls'

ERROR in ./node_modules/@react-three/drei/web/pivotControls/index.js 4:0-56
Module not found: Error: Can't resolve '@react-three/fiber' in '/tmp/kavia/workspace/code-generation/3d-virtual-rubiks-challenge-1296-379bdfd8/3d_virtual_rubiks_challenge/node_modules/@react-three/drei/web/pivotControls'

ERROR in ./node_modules/stats-gl/dist/main.js 206:15-20
export 'default' (imported as 'Panel') was not found in './panel.js' (possible exports: Panel)

ERROR in ./node_modules/three-mesh-bvh/src/core/build/buildTree.js 8:0-61
Module not found: Error: Can't resolve './buildUtils.js' in '/tmp/kavia/workspace/code-generation/3d-virtual-rubiks-challenge-1296-379bdfd8/3d_virtual_rubiks_challenge/node_modules/three-mesh-bvh/src/core/build'

ERROR in ./node_modules/three-mesh-bvh/src/index.js 2:0-59
Module not found: Error: Can't resolve './objects/MeshBVHHelper.js' in '/tmp/kavia/workspace/code-generation/3d-virtual-rubiks-challenge-1296-379bdfd8/3d_virtual_rubiks_challenge/node_modules/three-mesh-bvh/src'

ERROR in ./node_modules/three-mesh-bvh/src/index.js 12:0-57
Module not found: Error: Can't resolve './gpu/BVHShaderGLSL.js' in '/tmp/kavia/workspace/code-generation/3d-virtual-rubiks-challenge-1296-379bdfd8/3d_virtual_rubiks_challenge/node_modules/three-mesh-bvh/src'

ERROR in ./node_modules/three-mesh-bvh/src/utils/ExtensionUtilities.js 9:31-60
export 'BatchedMesh' (imported as 'BatchedMesh') was not found in 'three' (possible exports: ACESFilmicToneMapping, AddEquation, AddOperation, AdditiveAnimationBlendMode, AdditiveBlending, AlphaFormat, AlwaysDepth, AlwaysStencilFunc, AmbientLight, AmbientLightProbe, AnimationClip, AnimationLoader, AnimationMixer, AnimationObjectGroup, AnimationUtils, ArcCurve, ArrayCamera, ArrowHelper, Audio, AudioAnalyser, AudioContext, AudioListener, AudioLoader, AxesHelper, BackSide, BasicDepthPacking, BasicShadowMap, Bone, BooleanKeyframeTrack, Box2, Box3, Box3Helper, BoxBufferGeometry, BoxGeometry, BoxHelper, BufferAttribute, BufferGeometry, BufferGeometryLoader, ByteType, Cache, Camera, CameraHelper, CanvasTexture, CapsuleBufferGeometry, CapsuleGeometry, CatmullRomCurve3, CineonToneMapping, CircleBufferGeometry, CircleGeometry, ClampToEdgeWrapping, Clock, Color, ColorKeyframeTrack, ColorManagement, CompressedArrayTexture, CompressedTexture, CompressedTextureLoader, ConeBufferGeometry, ConeGeometry, CubeCamera, CubeReflectionMapping, CubeRefractionMapping, CubeTexture, CubeTextureLoader, CubeUVReflectionMapping, CubicBezierCurve, CubicBezierCurve3, CubicInterpolant, CullFaceBack, CullFaceFront, CullFaceFrontBack, CullFaceNone, Curve, CurvePath, CustomBlending, CustomToneMapping, CylinderBufferGeometry, CylinderGeometry, Cylindrical, Data3DTexture, DataArrayTexture, DataTexture, DataTextureLoader, DataUtils, DecrementStencilOp, DecrementWrapStencilOp, DefaultLoadingManager, DepthFormat, DepthStencilFormat, DepthTexture, DirectionalLight, DirectionalLightHelper, DiscreteInterpolant, DisplayP3ColorSpace, DodecahedronBufferGeometry, DodecahedronGeometry, DoubleSide, DstAlphaFactor, DstColorFactor, DynamicCopyUsage, DynamicDrawUsage, DynamicReadUsage, EdgesGeometry, EllipseCurve, EqualDepth, EqualStencilFunc, EquirectangularReflectionMapping, EquirectangularRefractionMapping, Euler, EventDispatcher, ExtrudeBufferGeometry, ExtrudeGeometry, FileLoader, Float16BufferAttribute, Float32BufferAttribute, Float64BufferAttribute, FloatType, Fog, FogExp2, FramebufferTexture, FrontSide, Frustum, GLBufferAttribute, GLSL1, GLSL3, GreaterDepth, GreaterEqualDepth, GreaterEqualStencilFunc, GreaterStencilFunc, GridHelper, Group, HalfFloatType, HemisphereLight, HemisphereLightHelper, HemisphereLightProbe, IcosahedronBufferGeometry, IcosahedronGeometry, ImageBitmapLoader, ImageLoader, ImageUtils, IncrementStencilOp, IncrementWrapStencilOp, InstancedBufferAttribute, InstancedBufferGeometry, InstancedInterleavedBuffer, InstancedMesh, Int16BufferAttribute, Int32BufferAttribute, Int8BufferAttribute, IntType, InterleavedBuffer, InterleavedBufferAttribute, Interpolant, InterpolateDiscrete, InterpolateLinear, InterpolateSmooth, InvertStencilOp, KeepStencilOp, KeyframeTrack, LOD, LatheBufferGeometry, LatheGeometry, Layers, LessDepth, LessEqualDepth, LessEqualStencilFunc, LessStencilFunc, Light, LightProbe, Line, Line3, LineBasicMaterial, LineCurve, LineCurve3, LineDashedMaterial, LineLoop, LineSegments, LinearEncoding, LinearFilter, LinearInterpolant, LinearMipMapLinearFilter, LinearMipMapNearestFilter, LinearMipmapLinearFilter, LinearMipmapNearestFilter, LinearSRGBColorSpace, LinearToneMapping, Loader, LoaderUtils, LoadingManager, LoopOnce, LoopPingPong, LoopRepeat, LuminanceAlphaFormat, LuminanceFormat, MOUSE, Material, MaterialLoader, MathUtils, Matrix3, Matrix4, MaxEquation, Mesh, MeshBasicMaterial, MeshDepthMaterial, MeshDistanceMaterial, MeshLambertMaterial, MeshMatcapMaterial, MeshNormalMaterial, MeshPhongMaterial, MeshPhysicalMaterial, MeshStandardMaterial, MeshToonMaterial, MinEquation, MirroredRepeatWrapping, MixOperation, MultiplyBlending, MultiplyOperation, NearestFilter, NearestMipMapLinearFilter, NearestMipMapNearestFilter, NearestMipmapLinearFilter, NearestMipmapNearestFilter, NeverDepth, NeverStencilFunc, NoBlending, NoColorSpace, NoToneMapping, NormalAnimationBlendMode, NormalBlending, NotEqualDepth, NotEqualStencilFunc, NumberKeyframeTrack, Object3D, ObjectLoader, ObjectSpaceNormalMap, OctahedronBufferGeometry, OctahedronGeometry, OneFactor, OneMinusDstAlphaFactor, OneMinusDstColorFactor, OneMinusSrcAlphaFactor, OneMinusSrcColorFactor, OrthographicCamera, PCFShadowMap, PCFSoftShadowMap, PMREMGenerator, Path, PerspectiveCamera, Plane, PlaneBufferGeometry, PlaneGeometry, PlaneHelper, PointLight, PointLightHelper, Points, PointsMaterial, PolarGridHelper, PolyhedronBufferGeometry, PolyhedronGeometry, PositionalAudio, PropertyBinding, PropertyMixer, QuadraticBezierCurve, QuadraticBezierCurve3, Quaternion, QuaternionKeyframeTrack, QuaternionLinearInterpolant, RED_GREEN_RGTC2_Format, RED_RGTC1_Format, REVISION, RGBADepthPacking, RGBAFormat, RGBAIntegerFormat, RGBA_ASTC_10x10_Format, RGBA_ASTC_10x5_Format, RGBA_ASTC_10x6_Format, RGBA_ASTC_10x8_Format, RGBA_ASTC_12x10_Format, RGBA_ASTC_12x12_Format, RGBA_ASTC_4x4_Format, RGBA_ASTC_5x4_Format, RGBA_ASTC_5x5_Format, RGBA_ASTC_6x5_Format, RGBA_ASTC_6x6_Format, RGBA_ASTC_8x5_Format, RGBA_ASTC_8x6_Format, RGBA_ASTC_8x8_Format, RGBA_BPTC_Format, RGBA_ETC2_EAC_Format, RGBA_PVRTC_2BPPV1_Format, RGBA_PVRTC_4BPPV1_Format, RGBA_S3TC_DXT1_Format, RGBA_S3TC_DXT3_Format, RGBA_S3TC_DXT5_Format, RGB_ETC1_Format, RGB_ETC2_Format, RGB_PVRTC_2BPPV1_Format, RGB_PVRTC_4BPPV1_Format, RGB_S3TC_DXT1_Format, RGFormat, RGIntegerFormat, RawShaderMaterial, Ray, Raycaster, RectAreaLight, RedFormat, RedIntegerFormat, ReinhardToneMapping, RepeatWrapping, ReplaceStencilOp, ReverseSubtractEquation, RingBufferGeometry, RingGeometry, SIGNED_RED_GREEN_RGTC2_Format, SIGNED_RED_RGTC1_Format, SRGBColorSpace, Scene, ShaderChunk, ShaderLib, ShaderMaterial, ShadowMaterial, Shape, ShapeBufferGeometry, ShapeGeometry, ShapePath, ShapeUtils, ShortType, Skeleton, SkeletonHelper, SkinnedMesh, Source, Sphere, SphereBufferGeometry, SphereGeometry, Spherical, SphericalHarmonics3, SplineCurve, SpotLight, SpotLightHelper, Sprite, SpriteMaterial, SrcAlphaFactor, SrcAlphaSaturateFactor, SrcColorFactor, StaticCopyUsage, StaticDrawUsage, StaticReadUsage, StereoCamera, StreamCopyUsage, StreamDrawUsage, StreamReadUsage, StringKeyframeTrack, SubtractEquation, SubtractiveBlending, TOUCH, TangentSpaceNormalMap, TetrahedronBufferGeometry, TetrahedronGeometry, Texture, TextureLoader, TorusBufferGeometry, TorusGeometry, TorusKnotBufferGeometry, TorusKnotGeometry, Triangle, TriangleFanDrawMode, TriangleStripDrawMode, TrianglesDrawMode, TubeBufferGeometry, TubeGeometry, TwoPassDoubleSide, UVMapping, Uint16BufferAttribute, Uint32BufferAttribute, Uint8BufferAttribute, Uint8ClampedBufferAttribute, Uniform, UniformsGroup, UniformsLib, UniformsUtils, UnsignedByteType, UnsignedInt248Type, UnsignedIntType, UnsignedShort4444Type, UnsignedShort5551Type, UnsignedShortType, VSMShadowMap, Vector2, Vector3, Vector4, VectorKeyframeTrack, VideoTexture, WebGL1Renderer, WebGL3DRenderTarget, WebGLArrayRenderTarget, WebGLCubeRenderTarget, WebGLMultipleRenderTargets, WebGLRenderTarget, WebGLRenderer, WebGLUtils, WireframeGeometry, WrapAroundEnding, ZeroCurvatureEnding, ZeroFactor, ZeroSlopeEnding, ZeroStencilOp, _SRGBAFormat, sRGBEncoding)

webpack compiled with 115 errors and 1 warning
